freq,nrg_bal,siec,unit,geo\TIME_PERIOD	1995 	1996 	1997 	1998 	1999 	2000 	2001 	2002 	2003 	2004 	2005 	2006 	2007 	2008 	2009 	2010 	2011 	2012 	2013 	2014 	2015 	2016 	2017 	2018 	2019 	2020 	2021 	2022 	2023 	2024 
A,GEP,BIOE,KTOE,AT	157.782 	134.853 	145.522 	156.582 	137.310 	131.408 	143.406 	130.477 	141.589 	164.445 	209.360 	278.112 	349.028 	357.551 	367.710 	385.279 	392.062 	402.331 	403.781 	391.034 	399.630 	411.008 	423.116 	423.886 	401.775 	396.000 	386.423 	409.742 	393.067 	402.688 
A,GEP,BIOE,KTOE,BE	27.601 	26.999 	23.646 	30.868 	42.648 	48.839 	51.333 	61.995 	73.689 	89.242 	136.710 	191.383 	223.507 	286.161 	339.609 	384.067 	400.447 	452.046 	433.568 	379.940 	473.319 	462.322 	490.679 	465.397 	444.185 	452.672 	405.945 	425.469 	327.287 	311.993 
A,GEP,BIOE,KTOE,BG	0.000 	0.000 	0.000 	0.000 	0.000 	0.000 	0.000 	0.000 	0.000 	0.000 	0.000 	0.000 	0.000 	1.336 	0.636 	3.030 	4.793 	5.660 	9.606 	17.265 	23.232 	30.405 	34.048 	135.251 	156.562 	146.117 	222.605 	192.914 	161.135 	147.581 
A,GEP,BIOE,KTOE,CY	0.000 	0.000 	0.000 	0.000 	0.000 	0.000 	0.000 	0.000 	0.000 	0.000 	0.000 	0.013 	0.124 	0.992 	2.280 	3.020 	4.438 	4.284 	4.202 	4.341 	4.406 	4.473 	4.450 	4.892 	4.980 	5.213 	5.154 	4.973 	4.632 	0.000 
A,GEP,BIOE,KTOE,CZ	34.824 	25.107 	42.476 	50.496 	58.189 	45.124 	44.935 	43.320 	42.183 	61.339 	62.917 	78.948 	102.774 	124.598 	158.939 	185.940 	232.457 	289.915 	349.158 	400.991 	411.789 	408.885 	427.083 	415.157 	432.645 	448.440 	463.072 	464.864 	446.422 	462.503 
A,GEP,BIOE,KTOE,DE	209.200 	215.305 	228.117 	262.941 	301.978 	372.399 	394.669 	456.492 	769.475 	914.445 	1264.660 	1628.203 	2116.681 	2409.028 	2655.632 	2916.853 	3171.969 	3714.789 	3913.500 	4152.021 	4327.257 	4379.106 	4377.988 	4367.498 	4310.146 	4379.278 	4314.430 	4262.420 	4514.660 	4509.716 
A,GEP,BIOE,KTOE,DK	55.498 	71.621 	83.887 	92.691 	113.328 	111.780 	129.923 	161.565 	214.445 	249.957 	272.829 	263.801 	266.896 	269.905 	285.383 	394.934 	376.170 	382.283 	370.894 	369.778 	360.874 	421.486 	544.680 	517.023 	526.053 	523.228 	775.505 	627.479 	561.476 	630.714 
A,GEP,BIOE,KTOE,EE	0.516 	0.430 	0.688 	1.032 	1.032 	1.139 	0.946 	1.978 	2.580 	2.580 	3.038 	3.439 	2.834 	3.150 	26.894 	63.629 	67.157 	86.062 	57.180 	65.176 	70.335 	81.600 	94.156 	112.403 	117.195 	159.233 	152.154 	135.028 	118.479 	120.485 
A,GEP,BIOE,KTOE,EL	0.086 	0.000 	0.000 	0.000 	0.086 	0.000 	6.793 	10.834 	9.028 	10.676 	10.449 	9.813 	15.821 	16.454 	18.708 	16.337 	17.783 	17.566 	18.608 	18.887 	19.899 	23.580 	26.658 	27.005 	34.568 	38.999 	42.924 	48.891 	56.307 	61.460 
A,GEP,BIOE,KTOE,ES	86.930 	93.121 	125.795 	131.642 	139.123 	128.375 	140.241 	222.356 	273.775 	286.297 	228.102 	238.521 	249.183 	279.880 	299.914 	345.228 	396.303 	427.945 	498.538 	465.520 	495.615 	489.166 	524.051 	509.591 	480.911 	529.526 	598.564 	587.560 	511.569 	534.669 
A,GEP,BIOE,KTOE,FI	568.186 	506.363 	678.504 	802.494 	719.089 	742.822 	711.251 	772.899 	806.473 	897.640 	817.903 	929.831 	855.965 	894.638 	750.987 	943.613 	966.893 	963.104 	1033.309 	1011.612 	983.182 	991.868 	1021.163 	1111.525 	1144.182 	996.201 	1169.390 	1098.100 	975.744 	893.749 
A,GEP,BIOE,KTOE,FR	156.664 	166.122 	186.156 	183.233 	201.032 	213.156 	244.970 	261.651 	277.472 	284.781 	291.574 	290.370 	322.528 	341.445 	355.116 	381.857 	433.383 	455.563 	488.559 	514.866 	561.444 	648.112 	671.907 	724.333 	751.836 	768.339 	849.100 	894.709 	961.888 	1032.823 
A,GEP,BIOE,KTOE,HR	0.774 	0.774 	0.086 	0.774 	0.774 	0.086 	0.000 	0.000 	0.000 	0.344 	1.204 	0.946 	0.602 	1.814 	1.717 	2.841 	4.664 	8.074 	10.808 	14.151 	22.801 	37.096 	45.193 	57.446 	75.529 	84.119 	94.566 	97.059 	89.983 	89.106 
A,GEP,BIOE,KTOE,HU	4.848 	4.294 	4.552 	5.172 	5.556 	5.570 	6.039 	3.609 	13.816 	62.371 	142.507 	108.728 	134.306 	166.685 	200.760 	197.460 	159.847 	142.290 	157.527 	182.836 	185.833 	178.085 	185.390 	197.753 	191.914 	185.722 	192.232 	184.268 	135.205 	158.822 
A,GEP,BIOE,KTOE,IE	0.000 	2.322 	6.965 	7.309 	7.825 	8.169 	8.340 	7.051 	7.395 	9.372 	11.201 	11.043 	15.229 	18.660 	22.375 	27.035 	28.895 	38.074 	41.778 	46.515 	41.151 	58.402 	63.220 	72.944 	73.498 	79.454 	85.666 	88.296 	73.021 	87.510 
A,GEP,BIOE,KTOE,IT	18.745 	32.416 	48.581 	68.358 	96.905 	119.838 	157.543 	232.945 	289.998 	362.928 	401.922 	439.109 	452.037 	513.010 	649.761 	811.703 	931.416 	1073.683 	1469.487 	1610.698 	1667.730 	1677.437 	1667.634 	1651.121 	1690.233 	1704.363 	1666.807 	1554.641 	1422.845 	1537.431 
A,GEP,BIOE,KTOE,LT	0.000 	0.000 	0.000 	0.000 	0.000 	0.000 	0.172 	0.344 	0.602 	0.516 	0.602 	2.064 	4.643 	5.933 	8.770 	12.640 	13.500 	18.745 	30.696 	34.394 	38.349 	37.747 	43.306 	46.690 	45.847 	51.083 	58.942 	60.894 	65.718 	84.760 
A,GEP,BIOE,KTOE,LU	1.676 	1.328 	1.455 	1.468 	1.621 	1.922 	2.225 	2.323 	2.936 	3.661 	3.969 	4.748 	5.388 	5.989 	6.723 	7.235 	8.119 	8.789 	8.619 	10.510 	11.275 	12.185 	14.887 	18.794 	23.989 	32.133 	33.499 	33.550 	32.565 	37.995 
A,GEP,BIOE,KTOE,LV	0.000 	0.000 	0.000 	0.000 	0.000 	0.000 	0.223 	0.831 	2.056 	3.243 	3.595 	3.661 	3.571 	3.850 	4.117 	5.621 	10.267 	24.810 	43.104 	57.520 	66.165 	70.834 	80.021 	81.145 	79.744 	74.359 	74.101 	68.904 	56.670 	54.516 
A,GEP,BIOE,KTOE,MT	0.000 	0.000 	0.000 	0.000 	0.000 	0.000 	0.000 	0.000 	0.000 	0.000 	0.000 	0.000 	0.000 	0.000 	0.000 	0.000 	0.422 	0.765 	0.507 	0.555 	0.571 	0.714 	0.837 	0.770 	0.550 	0.506 	0.622 	0.635 	0.826 	0.799 
A,GEP,BIOE,KTOE,NL	86.817 	112.517 	125.413 	136.420 	153.484 	172.928 	203.362 	250.808 	219.797 	285.862 	453.501 	446.333 	345.516 	442.539 	527.034 	606.891 	609.141 	622.453 	517.117 	438.093 	432.673 	431.467 	407.683 	404.444 	520.843 	789.834 	966.088 	877.627 	697.366 	614.473 
A,GEP,BIOE,KTOE,NO	24.850 	26.053 	20.722 	23.216 	23.474 	22.012 	21.926 	21.496 	28.409 	30.868 	28.633 	33.362 	33.190 	34.136 	19.518 	30.009 	29.149 	28.031 	34.050 	21.763 	21.754 	20.034 	22.270 	17.555 	21.755 	20.620 	18.503 	20.511 	21.492 	: 
A,GEP,BIOE,KTOE,PL	5.761 	11.436 	14.531 	18.917 	16.595 	19.003 	38.177 	36.715 	39.123 	84.501 	129.934 	171.349 	219.740 	311.112 	449.383 	542.089 	653.561 	867.953 	741.370 	857.850 	854.416 	684.132 	557.871 	563.019 	660.618 	717.993 	693.145 	656.164 	701.669 	683.719 
A,GEP,BIOE,KTOE,PT	84.953 	82.545 	89.166 	87.876 	99.742 	111.436 	115.649 	126.655 	119.604 	132.582 	144.514 	146.603 	160.271 	159.283 	179.346 	224.737 	251.380 	253.711 	262.347 	262.071 	266.889 	264.011 	276.896 	271.354 	289.186 	325.516 	344.158 	353.642 	326.751 	322.591 
A,GEP,BIOE,KTOE,RO	0.000 	0.000 	0.946 	0.946 	0.000 	0.000 	0.000 	0.258 	0.258 	0.344 	0.516 	0.383 	3.095 	2.053 	0.906 	9.500 	16.912 	18.202 	21.604 	43.355 	44.974 	45.631 	45.156 	37.586 	43.349 	46.994 	56.131 	55.633 	38.223 	40.971 
A,GEP,BIOE,KTOE,SE	202.408 	182.115 	238.435 	239.037 	231.900 	352.365 	324.764 	358.985 	387.790 	619.206 	644.008 	718.761 	845.729 	888.838 	985.418 	1048.257 	991.960 	1048.495 	984.523 	919.690 	925.623 	987.711 	1038.349 	1024.334 	1120.894 	961.247 	1125.578 	1129.737 	1006.534 	875.573 
A,GEP,BIOE,KTOE,SI	0.000 	0.000 	0.000 	0.000 	2.666 	5.996 	6.184 	8.727 	10.515 	10.385 	9.778 	9.480 	9.729 	24.791 	16.188 	18.648 	21.647 	22.983 	22.420 	22.221 	23.016 	24.227 	24.929 	22.998 	21.585 	23.564 	23.859 	23.171 	25.496 	22.306 
A,GEP,BIOE,KTOE,SK	0.000 	0.000 	0.000 	0.000 	0.000 	0.000 	13.276 	13.070 	8.512 	1.720 	2.752 	34.249 	40.757 	44.454 	46.174 	56.922 	70.421 	80.911 	78.332 	121.840 	142.906 	148.839 	145.830 	139.725 	145.572 	143.852 	158.555 	128.117 	121.582 	136.113 
A,GEP,C0000X0350-0370,KTOE,AT	371.539 	453.826 	501.376 	354.514 	379.536 	492.433 	592.691 	568.616 	725.967 	679.708 	616.184 	633.710 	567.537 	475.253 	323.174 	422.909 	467.029 	377.286 	362.139 	252.371 	254.021 	175.634 	151.148 	155.226 	128.932 	48.092 	12.033 	5.016 	1.800 	2.033 
A,GEP,C0000X0350-0370,KTOE,BE	1420.206 	1337.145 	1182.115 	1219.862 	854.600 	1110.576 	854.342 	862.339 	828.719 	786.414 	704.987 	588.822 	556.750 	476.956 	445.228 	360.877 	298.882 	291.402 	258.641 	179.725 	178.392 	33.491 	7.816 	7.850 	8.074 	7.008 	3.783 	4.411 	3.448 	1.092 
A,GEP,C0000X0350-0370,KTOE,BG	1489.424 	1476.096 	1623.732 	1573.431 	1399.742 	1456.664 	1676.440 	1477.386 	1654.084 	1625.279 	1587.102 	1640.843 	1923.302 	1993.207 	1814.531 	1943.766 	2367.756 	1966.982 	1667.377 	1831.900 	1936.543 	1665.004 	1798.288 	1604.426 	1479.112 	1161.708 	1469.122 	1873.217 	1008.445 	753.054 
A,GEP,C0000X0350-0370,KTOE,CY	0.000 	0.000 	0.000 	0.000 	0.000 	0.000 	0.000 	0.000 	0.000 	0.000 	0.000 	0.000 	0.000 	0.000 	0.000 	0.000 	0.000 	0.000 	0.000 	0.000 	0.000 	0.000 	0.000 	0.000 	0.000 	0.000 	0.000 	0.000 	0.000 	0.000 
A,GEP,C0000X0350-0370,KTOE,CZ	3812.726 	3906.191 	3931.728 	3896.561 	3796.303 	4535.856 	4522.270 	4291.230 	4366.208 	4325.709 	4258.126 	4269.046 	4625.451 	4194.153 	3950.645 	4032.674 	4014.187 	3781.427 	3535.082 	3501.892 	3537.489 	3609.114 	3563.525 	3542.689 	3210.284 	2665.980 	2938.699 	3171.293 	2574.435 	2280.817 
A,GEP,C0000X0350-0370,KTOE,DE	24861.737 	25450.731 	24448.839 	25129.665 	24184.867 	25510.490 	25256.578 	25760.447 	26202.064 	25703.095 	24775.838 	24844.024 	25546.432 	23663.715 	21792.347 	22605.073 	22568.358 	23751.333 	24780.911 	23595.013 	23404.987 	22506.019 	20744.110 	19617.885 	14742.046 	11573.087 	14157.438 	15472.744 	10729.665 	9142.992 
A,GEP,C0000X0350-0370,KTOE,DK	2352.193 	3410.576 	2472.571 	2033.792 	1726.655 	1433.620 	1532.158 	1569.819 	2176.010 	1605.589 	1329.579 	2112.296 	1710.318 	1501.462 	1520.808 	1462.253 	1201.720 	906.191 	1228.891 	951.333 	611.339 	762.273 	533.591 	564.954 	284.695 	263.259 	375.363 	380.851 	217.118 	150.530 
A,GEP,C0000X0350-0370,KTOE,EE	0.000 	0.000 	0.000 	0.000 	0.000 	0.000 	0.000 	0.000 	0.000 	0.000 	0.000 	0.000 	0.000 	0.000 	0.000 	0.000 	0.000 	0.000 	1.118 	0.516 	0.000 	0.000 	1.513 	0.000 	0.000 	0.000 	0.000 	0.000 	0.000 	0.000 
A,GEP,C0000X0350-0370,KTOE,EL	2467.498 	2519.175 	2633.620 	2789.510 	2784.265 	2950.387 	3046.518 	2972.141 	3024.076 	3042.132 	3056.148 	2774.205 	2981.599 	2868.100 	2939.639 	2648.065 	2670.937 	2675.752 	2270.507 	2213.758 	1900.860 	1623.646 	1613.500 	1477.657 	1042.438 	567.928 	457.249 	494.996 	394.722 	281.128 
A,GEP,C0000X0350-0370,KTOE,ES	5667.498 	4638.263 	5388.564 	5295.357 	6329.235 	6800.860 	6042.132 	6980.396 	6424.936 	6801.892 	6797.334 	5738.521 	6259.243 	4188.650 	3087.704 	2178.332 	3781.599 	4735.512 	3434.308 	3766.724 	4416.681 	3132.760 	3880.224 	3210.748 	1105.675 	474.807 	417.713 	675.838 	311.522 	221.971 
A,GEP,C0000X0350-0370,KTOE,EU27_2020	66715.909 	68155.330 	65761.651 	66508.600 	65242.219 	68816.854 	68177.644 	70021.840 	73013.243 	71846.174 	69551.349 	70206.283 	71264.437 	65094.846 	60496.545 	60294.939 	62323.887 	63861.966 	62676.717 	59567.400 	60621.585 	56676.671 	54938.815 	51213.671 	38771.435 	30302.406 	36043.241 	38568.840 	27402.528 	23302.893 
A,GEP,C0000X0350-0370,KTOE,FI	952.193 	1299.828 	1104.385 	682.717 	769.304 	729.751 	912.640 	1092.519 	1655.030 	1418.487 	558.641 	1404.213 	1200.000 	731.900 	957.008 	1250.473 	840.929 	610.576 	919.175 	681.427 	440.327 	599.656 	503.611 	497.936 	374.807 	210.060 	229.837 	295.959 	134.308 	71.367 
A,GEP,C0000X0350-0370,KTOE,FR	2079.020 	2410.834 	1906.965 	2883.233 	2517.541 	2321.926 	1760.791 	2034.222 	2257.954 	2095.615 	2365.864 	1968.100 	2101.978 	1983.061 	1863.027 	2008.512 	1495.656 	1844.925 	2050.161 	967.941 	1022.739 	879.255 	1101.757 	714.488 	312.752 	265.379 	467.998 	357.984 	138.474 	87.753 
A,GEP,C0000X0350-0370,KTOE,HR	20.808 	10.705 	43.938 	46.260 	44.368 	133.362 	140.843 	181.341 	206.707 	183.921 	200.172 	194.067 	208.340 	214.531 	142.562 	205.073 	222.012 	192.433 	208.169 	203.611 	198.624 	223.216 	117.549 	124.901 	140.963 	104.506 	125.271 	134.041 	113.947 	68.899 
A,GEP,C0000X0350-0370,KTOE,HU	780.739 	825.967 	807.051 	821.754 	875.494 	824.592 	760.017 	772.399 	788.478 	703.181 	603.869 	602.064 	633.964 	609.286 	545.142 	536.028 	557.438 	545.486 	541.702 	515.477 	497.850 	484.265 	424.076 	401.462 	347.034 	319.089 	259.157 	257.438 	214.359 	210.146 
A,GEP,C0000X0350-0370,KTOE,IE	603.439 	601.204 	583.577 	579.536 	501.462 	586.156 	607.223 	586.500 	533.362 	535.598 	549.355 	505.933 	467.494 	442.121 	344.309 	305.651 	339.189 	432.017 	368.234 	340.192 	419.104 	403.771 	313.374 	185.016 	43.476 	57.879 	233.665 	203.464 	104.107 	54.395 
A,GEP,C0000X0350-0370,KTOE,IT	2074.119 	1898.538 	1764.230 	2004.385 	2047.463 	2258.985 	2728.289 	3047.893 	3337.317 	3913.844 	3749.441 	3801.204 	3792.949 	3703.611 	3417.455 	3416.509 	3845.744 	4225.365 	3878.332 	3736.371 	3714.617 	3061.651 	2805.454 	2447.968 	1619.901 	1150.429 	1205.668 	1943.822 	1136.706 	339.504 
A,GEP,C0000X0350-0370,KTOE,LT	0.000 	0.000 	0.000 	0.000 	0.000 	0.000 	0.000 	0.000 	0.000 	0.000 	0.000 	0.000 	0.000 	0.000 	0.000 	0.000 	0.000 	0.000 	0.000 	0.000 	0.000 	0.000 	0.000 	0.000 	0.000 	0.000 	0.000 	0.000 	0.000 	0.000 
A,GEP,C0000X0350-0370,KTOE,LU	0.000 	0.000 	0.000 	0.000 	0.000 	0.000 	0.000 	0.000 	0.000 	0.000 	0.000 	0.000 	0.000 	0.000 	0.000 	0.000 	0.000 	0.000 	0.000 	0.000 	0.000 	0.000 	0.000 	0.000 	0.000 	0.000 	0.000 	0.000 	0.000 	0.000 
A,GEP,C0000X0350-0370,KTOE,LV	0.000 	0.000 	0.000 	0.000 	0.000 	0.000 	0.000 	0.000 	0.000 	0.000 	0.000 	0.000 	0.086 	0.172 	0.172 	0.172 	0.172 	0.172 	0.086 	0.000 	0.000 	0.000 	0.018 	0.029 	0.006 	0.000 	0.000 	0.000 	0.000 	0.000 
A,GEP,C0000X0350-0370,KTOE,MT	7.739 	0.000 	0.000 	0.000 	0.000 	0.000 	0.000 	0.000 	0.000 	0.000 	0.000 	0.000 	0.000 	0.000 	0.000 	0.000 	0.000 	0.000 	0.000 	0.000 	0.000 	0.000 	0.000 	0.000 	0.000 	0.000 	0.000 	0.000 	0.000 	0.000 
A,GEP,C0000X0350-0370,KTOE,NL	2355.890 	2219.862 	2101.290 	2272.829 	1885.125 	2087.360 	2190.972 	2234.910 	2284.695 	2145.056 	2020.636 	2041.015 	2142.476 	2019.175 	2087.532 	1942.218 	1839.209 	2081.857 	2116.423 	2535.254 	3386.981 	3165.669 	2698.107 	2371.263 	1521.378 	654.966 	1255.361 	1272.760 	749.076 	642.047 
A,GEP,C0000X0350-0370,KTOE,NO	4.987 	4.213 	3.697 	3.611 	3.525 	3.439 	3.525 	3.525 	3.611 	3.697 	3.611 	3.697 	3.697 	3.353 	3.525 	3.611 	3.353 	3.353 	3.439 	3.267 	3.353 	3.611 	3.697 	3.794 	3.837 	3.867 	3.800 	3.647 	2.315 	: 
A,GEP,C0000X0350-0370,KTOE,PL	11329.751 	11649.269 	11585.641 	11541.617 	11463.972 	11684.265 	11605.331 	11431.986 	12094.411 	12134.222 	12199.570 	12640.413 	12382.545 	11942.820 	11469.390 	11738.091 	12017.025 	11571.195 	11841.617 	11136.715 	11222.614 	11205.675 	11277.603 	11226.393 	10158.516 	9234.543 	10969.199 	10724.612 	8499.445 	8039.216 
A,GEP,C0000X0350-0370,KTOE,PT	1152.709 	1079.364 	1114.015 	1030.009 	1293.723 	1254.944 	1169.905 	1307.997 	1249.097 	1277.558 	1309.200 	1286.156 	1066.036 	962.683 	1108.856 	610.490 	846.776 	1125.279 	1017.885 	1027.687 	1266.294 	1085.985 	1261.049 	1032.361 	475.726 	203.189 	68.788 	0.000 	0.000 	0.000 
A,GEP,C0000X0350-0370,KTOE,RO	1770.679 	1760.189 	1449.871 	1245.486 	1262.597 	1627.343 	1693.379 	1746.518 	2007.223 	1847.206 	1884.437 	2162.167 	2157.868 	2220.378 	1869.991 	1778.246 	2130.868 	1969.132 	1456.234 	1527.343 	1558.469 	1365.520 	1442.835 	1345.271 	1170.978 	804.811 	919.053 	891.296 	692.910 	608.824 
A,GEP,C0000X0350-0370,KTOE,SE	195.099 	317.369 	172.657 	175.580 	192.777 	140.671 	161.565 	204.041 	244.712 	86.844 	55.718 	75.580 	55.804 	44.196 	44.282 	87.876 	56.492 	41.531 	56.148 	31.900 	33.276 	22.614 	27.687 	28.805 	18.229 	0.086 	0.946 	0.860 	2.322 	1.118 
A,GEP,C0000X0350-0370,KTOE,SI	395.873 	383.835 	404.643 	428.547 	385.211 	396.475 	422.958 	455.890 	439.209 	446.346 	453.224 	467.412 	471.367 	457.696 	441.273 	454.686 	456.320 	442.390 	419.261 	323.216 	377.042 	430.782 	414.800 	397.444 	385.467 	375.153 	330.896 	269.287 	270.732 	300.779 
A,GEP,C0000X0350-0370,KTOE,SK	555.030 	506.363 	540.843 	503.955 	547.979 	480.138 	500.602 	443.250 	512.984 	488.478 	475.924 	456.492 	412.898 	401.720 	331.470 	306.965 	305.589 	293.723 	264.316 	247.034 	243.336 	240.671 	257.180 	258.899 	200.946 	160.447 	146.002 	138.951 	104.987 	45.228 
A,GEP,FE,KTOE,AT	1399.328 	1529.096 	1536.198 	1451.342 	1510.538 	1411.768 	1618.144 	1615.856 	1962.988 	1918.003 	2029.435 	1858.661 	1697.704 	1716.779 	1644.095 	1970.487 	1835.808 	1493.547 	1211.497 	981.325 	1226.813 	1218.686 	1408.012 	1287.188 	1392.305 	1183.341 	1219.595 	1222.659 	939.036 	942.221 
A,GEP,FE,KTOE,BE	2707.825 	2686.242 	2567.928 	3022.442 	2880.396 	2886.672 	2682.201 	2789.424 	3008.598 	2932.552 	2956.895 	2876.852 	2996.000 	2821.362 	3181.484 	3300.516 	2794.411 	2633.396 	2353.586 	2152.210 	2371.453 	2250.894 	2313.723 	2386.761 	2522.014 	2580.414 	2231.803 	2220.568 	1853.126 	1524.438 
A,GEP,FE,KTOE,BG	1910.060 	1867.154 	1901.634 	1847.549 	1672.571 	1702.064 	1912.640 	1698.452 	1893.293 	1843.680 	1803.697 	1870.249 	2181.685 	2223.302 	2011.350 	2146.652 	2558.126 	2188.478 	1887.928 	2034.222 	2112.468 	1868.874 	1998.051 	1808.557 	1698.407 	1386.733 	1761.798 	2092.841 	1200.107 	964.101 
A,GEP,FE,KTOE,CY	214.703 	224.334 	234.566 	257.180 	269.905 	289.768 	305.331 	325.451 	348.409 	361.221 	376.268 	399.914 	418.573 	435.426 	445.744 	451.333 	408.512 	383.491 	340.757 	346.776 	355.546 	383.749 	392.877 	394.079 	397.828 	365.653 	373.574 	376.953 	364.249 	374.129 
A,GEP,FE,KTOE,CZ	3949.957 	4188.478 	4258.813 	4253.068 	4165.477 	4904.230 	4893.270 	4665.394 	4734.693 	4705.311 	4649.196 	4650.693 	5002.683 	4558.167 	4279.421 	4413.336 	4399.011 	4146.505 	3944.959 	3913.252 	3978.721 	4172.339 	4111.433 	4085.103 	3907.339 	3415.067 	3636.403 	3606.130 	2946.334 	2649.354 
A,GEP,FE,KTOE,DE	30420.550 	31309.028 	30491.917 	31455.632 	30423.388 	31576.268 	32045.228 	32040.843 	33611.952 	33137.747 	33272.829 	33536.973 	34601.290 	33570.765 	30787.962 	32579.708 	32087.188 	32493.293 	32805.073 	30977.730 	30953.740 	31699.656 	30384.351 	28774.807 	24427.085 	21616.423 	24248.614 	24400.092 	19657.137 	18493.380 
A,GEP,FE,KTOE,DK	2999.484 	4425.537 	3555.202 	3194.325 	2966.724 	2617.541 	2740.069 	2793.207 	3275.064 	2656.922 	2272.915 	3130.696 	2494.497 	2280.310 	2263.113 	2272.822 	1809.825 	1364.049 	1614.364 	1220.462 	858.838 	1039.702 	785.776 	815.770 	539.029 	439.871 	571.952 	566.353 	380.651 	312.191 
A,GEP,FE,KTOE,EE	746.776 	782.115 	791.660 	734.394 	710.404 	730.439 	727.859 	730.610 	869.304 	880.825 	867.928 	825.623 	1035.684 	892.863 	708.340 	1024.936 	1007.223 	901.978 	1036.543 	950.731 	738.506 	909.909 	971.792 	892.100 	470.575 	267.192 	371.904 	522.740 	252.720 	235.493 
A,GEP,FE,KTOE,EL	3244.626 	3269.561 	3385.555 	3645.142 	3838.349 	4237.403 	4311.608 	4330.868 	4472.313 	4548.151 	4558.961 	4514.187 	4997.163 	4915.047 	4549.355 	4027.945 	4387.704 	4352.537 	3677.128 	3281.685 	3179.020 	3398.366 	3558.709 	3189.845 	2792.624 	2631.218 	2796.262 	2586.301 	2175.578 	2557.819 
A,GEP,FE,KTOE,ES	7374.463 	6516.767 	8330.009 	8384.523 	10281.255 	10681.083 	10323.044 	12357.610 	12008.169 	13750.043 	15876.956 	15733.276 	16176.182 	16298.796 	14160.533 	11899.828 	12564.144 	12496.561 	9743.164 	9232.588 	10591.831 	9280.224 	10912.063 	9649.394 	9590.026 	7533.931 	7608.057 	9124.392 	6776.127 	5649.720 
A,GEP,FE,KTOE,FI	2173.173 	2763.199 	2418.831 	2055.546 	2174.549 	2057.378 	2578.316 	2802.622 	3635.767 	3202.106 	2028.872 	3154.745 	2858.731 	2258.479 	2282.807 	2869.260 	2221.728 	1594.469 	1868.213 	1543.122 	1252.220 	1278.032 	1131.158 	1292.527 	1084.919 	843.144 	866.023 	681.155 	402.741 	311.543 
A,GEP,FE,KTOE,FR	3311.780 	3726.999 	3356.836 	4686.930 	4435.684 	4352.537 	3995.873 	4528.289 	4933.534 	4860.619 	5447.635 	4892.691 	5001.806 	4778.943 	4412.571 	4954.782 	5072.381 	4851.408 	4588.199 	3068.245 	3839.223 	4852.223 	5594.503 	4226.874 	4585.246 	4121.109 	4152.569 	5114.513 	3430.269 	2376.078 
A,GEP,FE,KTOE,HR	308.169 	283.835 	376.870 	466.294 	485.039 	413.500 	480.653 	589.338 	665.004 	538.607 	515.649 	539.639 	670.851 	596.672 	506.139 	472.734 	512.038 	458.401 	401.702 	300.860 	320.576 	365.529 	401.333 	323.852 	370.335 	402.984 	393.938 	443.302 	449.398 	350.911 
A,GEP,FE,KTOE,HU	1700.172 	1775.838 	1819.433 	1979.880 	2019.776 	1785.727 	1894.411 	1888.822 	1960.103 	1793.361 	1724.133 	1797.457 	2012.064 	1964.808 	1512.237 	1598.423 	1515.562 	1392.558 	1040.669 	906.925 	965.997 	1075.786 	1139.373 	1068.369 	1134.742 	1134.828 	1123.443 	1053.255 	871.184 	850.060 
A,GEP,FE,KTOE,IE	1450.989 	1561.221 	1623.388 	1694.583 	1774.807 	1933.620 	2029.665 	2017.283 	2039.811 	2048.237 	2042.390 	2118.745 	2197.379 	2263.146 	2050.676 	2102.116 	1869.341 	1881.943 	1715.227 	1669.463 	1740.416 	1952.499 	1873.600 	1779.653 	1626.492 	1592.103 	1717.264 	1764.771 	1483.157 	1435.484 
A,GEP,FE,KTOE,IT	16813.156 	16580.396 	17165.176 	17751.677 	17823.130 	18768.348 	18635.008 	19643.027 	20509.333 	20718.467 	21262.724 	22014.597 	22311.814 	21878.621 	18785.677 	19005.213 	18648.039 	17568.698 	15059.567 	13480.287 	14794.484 	15407.163 	16287.960 	14868.984 	15083.956 	13842.078 	14595.639 	15514.589 	12504.439 	11484.832 
A,GEP,FE,KTOE,LT	111.436 	166.724 	174.033 	269.132 	236.629 	195.271 	223.904 	228.375 	244.626 	262.425 	293.895 	240.241 	242.906 	222.958 	243.852 	329.579 	247.377 	268.186 	210.748 	168.014 	199.054 	112.726 	70.520 	46.965 	58.229 	168.203 	133.637 	97.704 	83.990 	99.702 
A,GEP,FE,KTOE,LU	32.632 	31.346 	26.060 	19.213 	20.444 	21.369 	60.222 	228.571 	227.751 	274.008 	269.612 	282.198 	252.380 	209.956 	247.953 	254.765 	206.498 	209.768 	126.740 	128.957 	77.279 	28.026 	25.516 	23.306 	23.084 	21.847 	20.819 	14.327 	12.093 	11.457 
A,GEP,FE,KTOE,LV	89.596 	108.770 	133.362 	127.171 	116.079 	112.898 	123.904 	128.117 	140.757 	128.375 	128.289 	180.997 	167.068 	177.300 	173.087 	257.266 	259.415 	176.956 	230.009 	200.946 	237.059 	253.138 	177.944 	277.410 	279.129 	178.445 	183.009 	104.424 	122.461 	143.288 
A,GEP,FE,KTOE,MT	140.327 	142.562 	144.970 	147.979 	159.415 	164.832 	167.068 	176.440 	192.261 	190.542 	192.605 	194.411 	197.420 	198.796 	186.414 	181.685 	186.500 	195.013 	190.542 	186.586 	103.439 	61.981 	127.233 	151.632 	159.758 	163.393 	167.826 	171.669 	174.208 	159.060 
A,GEP,FE,KTOE,NL	6486.331 	6809.966 	7037.801 	7286.866 	6894.663 	7090.862 	7405.499 	7553.685 	7618.679 	7898.964 	7583.770 	7493.417 	8012.757 	8055.625 	8465.913 	8936.727 	8368.550 	7451.163 	7433.422 	7514.329 	7824.087 	8169.770 	8138.767 	7847.063 	8075.255 	7360.422 	6626.786 	5875.715 	5130.154 	4900.668 
A,GEP,FE,KTOE,NO	25.537 	34.308 	30.009 	28.719 	34.566 	27.687 	36.113 	36.028 	47.859 	51.419 	49.785 	60.017 	86.242 	57.868 	379.794 	440.671 	370.249 	253.568 	244.368 	258.117 	257.438 	255.202 	252.021 	254.966 	237.166 	189.245 	92.576 	144.373 	162.331 	: 
A,GEP,FE,KTOE,PL	11615.391 	11963.027 	11934.910 	11886.331 	11835.684 	12110.283 	12118.444 	12014.786 	12705.011 	12817.656 	13001.505 	13426.910 	13162.511 	12728.781 	12244.941 	12563.907 	12886.981 	12446.347 	12626.322 	11910.892 	12170.441 	12319.846 	12537.155 	12715.391 	11830.248 	11083.734 	12744.423 	12119.353 	10291.282 	10202.079 
A,GEP,FE,KTOE,PT	2043.336 	1602.150 	1711.608 	2128.977 	2948.581 	2622.872 	2616.251 	3088.306 	2477.902 	2795.614 	3261.224 	2824.917 	2637.801 	2651.132 	2681.951 	2178.432 	2387.664 	2252.904 	1810.698 	1753.447 	2313.044 	2307.142 	3020.106 	2493.475 	2091.476 	1842.534 	1538.353 	1624.934 	1019.948 	604.862 
A,GEP,FE,KTOE,RO	3642.820 	3773.603 	2907.051 	2475.494 	2319.518 	2693.551 	2852.279 	2825.107 	3153.310 	2960.791 	2892.949 	3328.031 	3263.972 	3138.951 	2617.025 	2467.412 	2918.057 	2784.351 	2301.755 	2269.845 	2414.471 	2264.858 	2420.152 	2310.520 	2001.923 	1680.287 	1849.461 	1798.931 	1541.075 	1522.222 
A,GEP,FE,KTOE,SE	670.851 	1061.909 	622.958 	611.350 	593.551 	410.576 	530.095 	640.069 	793.895 	516.893 	408.970 	450.432 	380.567 	395.444 	397.815 	733.524 	491.831 	351.591 	334.136 	252.451 	270.077 	314.961 	298.452 	314.531 	288.392 	209.690 	261.954 	247.305 	199.313 	178.167 
A,GEP,FE,KTOE,SI	419.776 	407.309 	435.512 	450.301 	412.210 	426.397 	459.243 	486.328 	475.827 	481.284 	486.468 	504.204 	513.236 	500.267 	495.042 	502.885 	500.392 	489.344 	464.261 	359.610 	413.887 	468.579 	457.483 	441.020 	432.979 	426.887 	381.575 	317.155 	315.055 	343.887 
A,GEP,FE,KTOE,SK	869.418 	857.968 	852.623 	865.950 	904.041 	833.104 	829.923 	758.298 	818.659 	798.624 	767.756 	721.066 	651.247 	641.015 	592.261 	594.153 	670.679 	626.827 	547.893 	455.890 	459.673 	454.342 	487.618 	508.770 	538.263 	535.168 	615.219 	409.630 	384.179 	361.221 
A,GEP,N900H,KTOE,AT	0.000 	0.000 	0.000 	0.000 	0.000 	0.000 	0.000 	0.000 	0.000 	0.000 	0.000 	0.000 	0.000 	0.000 	0.000 	0.000 	0.000 	0.000 	0.000 	0.000 	0.000 	0.000 	0.000 	0.000 	0.000 	0.000 	0.000 	0.000 	0.000 	0.000 
A,GEP,N900H,KTOE,BE	3555.976 	3726.225 	4076.354 	3969.475 	4214.703 	4140.757 	3985.297 	4072.227 	4073.861 	4068.100 	4092.433 	4010.748 	4146.776 	3918.143 	4060.361 	4122.442 	4147.377 	3464.746 	3666.724 	2897.936 	2244.454 	3742.304 	3630.851 	2458.899 	3742.356 	2960.851 	4327.274 	3772.923 	2831.290 	2687.412 
A,GEP,N900H,KTOE,BG	1484.179 	1554.772 	1526.311 	1453.052 	1359.759 	1563.027 	1681.255 	1738.779 	1485.813 	1445.830 	1603.869 	1676.096 	1259.071 	1355.546 	1311.780 	1311.178 	1402.752 	1357.266 	1218.487 	1364.316 	1322.700 	1356.492 	1336.672 	1386.525 	1423.499 	1429.558 	1417.618 	1415.479 	1389.792 	1356.584 
A,GEP,N900H,KTOE,CY	0.000 	0.000 	0.000 	0.000 	0.000 	0.000 	0.000 	0.000 	0.000 	0.000 	0.000 	0.000 	0.000 	0.000 	0.000 	0.000 	0.000 	0.000 	0.000 	0.000 	0.000 	0.000 	0.000 	0.000 	0.000 	0.000 	0.000 	0.000 	0.000 	0.000 
A,GEP,N900H,KTOE,CZ	1051.591 	1104.901 	1074.291 	1133.104 	1148.495 	1168.530 	1268.186 	1611.178 	2224.592 	2263.543 	2126.225 	2239.553 	2250.387 	2282.975 	2339.467 	2407.395 	2431.900 	2607.395 	2643.594 	2607.481 	2307.911 	2072.571 	2436.767 	2572.770 	2600.706 	2583.257 	2642.406 	2667.396 	2614.829 	2553.431 
A,GEP,N900H,KTOE,DE	13163.457 	13758.899 	14645.572 	13898.882 	14617.713 	14583.491 	14729.579 	14173.861 	14192.605 	14365.004 	14020.206 	14382.545 	12083.749 	12768.272 	11602.064 	12085.641 	9283.835 	8552.021 	8365.434 	8351.591 	7892.175 	7277.214 	6562.683 	6535.254 	6454.944 	5535.856 	5944.110 	2984.437 	620.464 	0.000 
A,GEP,N900H,KTOE,DK	0.000 	0.000 	0.000 	0.000 	0.000 	0.000 	0.000 	0.000 	0.000 	0.000 	0.000 	0.000 	0.000 	0.000 	0.000 	0.000 	0.000 	0.000 	0.000 	0.000 	0.000 	0.000 	0.000 	0.000 	0.000 	0.000 	0.000 	0.000 	0.000 	0.000 
A,GEP,N900H,KTOE,EE	0.000 	0.000 	0.000 	0.000 	0.000 	0.000 	0.000 	0.000 	0.000 	0.000 	0.000 	0.000 	0.000 	0.000 	0.000 	0.000 	0.000 	0.000 	0.000 	0.000 	0.000 	0.000 	0.000 	0.000 	0.000 	0.000 	0.000 	0.000 	0.000 	0.000 
A,GEP,N900H,KTOE,EL	0.000 	0.000 	0.000 	0.000 	0.000 	0.000 	0.000 	0.000 	0.000 	0.000 	0.000 	0.000 	0.000 	0.000 	0.000 	0.000 	0.000 	0.000 	0.000 	0.000 	0.000 	0.000 	0.000 	0.000 	0.000 	0.000 	0.000 	0.000 	0.000 	0.000 
A,GEP,N900H,KTOE,ES	4768.272 	4843.508 	4754.772 	5072.485 	5060.361 	5348.753 	5477.902 	5418.401 	5320.292 	5469.132 	4947.463 	5169.905 	4738.005 	5070.765 	4536.629 	5330.181 	4962.855 	5285.469 	4877.558 	4927.343 	4917.971 	5041.531 	4990.456 	4795.013 	5017.111 	5012.812 	4863.629 	5037.833 	4890.198 	4687.028 
A,GEP,N900H,KTOE,EU27_2020	68087.449 	71476.182 	72181.944 	71656.491 	72936.456 	73940.672 	76430.955 	77587.962 	78002.924 	79831.299 	78768.787 	78626.481 	74999.915 	76073.001 	70929.664 	73471.196 	72035.147 	69816.081 	69322.671 	69866.724 	67641.948 	66032.568 	65295.154 	65515.309 	65807.211 	58771.467 	62914.945 	52386.544 	53276.124 	55848.977 
A,GEP,N900H,KTOE,FI	1652.279 	1674.635 	1796.561 	1879.020 	1975.408 	1932.846 	1958.126 	1917.025 	1954.514 	1953.224 	2000.946 	1969.561 	2014.015 	1974.033 	2022.872 	1960.447 	1993.723 	1976.526 	2029.751 	2027.515 	1998.710 	1995.099 	1932.674 	1959.845 	2052.451 	2002.666 	2029.063 	2178.504 	2949.957 	2803.009 
A,GEP,N900H,KTOE,FR	32436.028 	34165.090 	34005.417 	33361.135 	33898.882 	35697.506 	36206.019 	37554.600 	37925.193 	38541.788 	38824.506 	38709.458 	37809.974 	37785.641 	35230.954 	36846.174 	38038.501 	36578.333 	36430.324 	37530.439 	37612.021 	34668.571 	34252.720 	35506.605 	34308.821 	30424.150 	32619.200 	25342.308 	29080.162 	32712.906 
A,GEP,N900H,KTOE,HR	0.000 	0.000 	0.000 	0.000 	0.000 	0.000 	0.000 	0.000 	0.000 	0.000 	0.000 	0.000 	0.000 	0.000 	0.000 	0.000 	0.000 	0.000 	0.000 	0.000 	0.000 	0.000 	0.000 	0.000 	0.000 	0.000 	0.000 	0.000 	0.000 	0.000 
A,GEP,N900H,KTOE,HU	1206.019 	1219.261 	1201.032 	1199.398 	1212.038 	1219.261 	1214.617 	1199.742 	946.948 	1024.506 	1189.510 	1157.438 	1261.995 	1274.119 	1326.397 	1355.202 	1348.667 	1357.954 	1321.582 	1345.572 	1361.479 	1380.396 	1384.179 	1352.794 	1400.516 	1380.482 	1374.893 	1359.587 	1368.702 	1377.214 
A,GEP,N900H,KTOE,IE	0.000 	0.000 	0.000 	0.000 	0.000 	0.000 	0.000 	0.000 	0.000 	0.000 	0.000 	0.000 	0.000 	0.000 	0.000 	0.000 	0.000 	0.000 	0.000 	0.000 	0.000 	0.000 	0.000 	0.000 	0.000 	0.000 	0.000 	0.000 	0.000 	0.000 
A,GEP,N900H,KTOE,IT	0.000 	0.000 	0.000 	0.000 	0.000 	0.000 	0.000 	0.000 	0.000 	0.000 	0.000 	0.000 	0.000 	0.000 	0.000 	0.000 	0.000 	0.000 	0.000 	0.000 	0.000 	0.000 	0.000 	0.000 	0.000 	0.000 	0.000 	0.000 	0.000 	0.000 
A,GEP,N900H,KTOE,LT	1016.509 	1198.796 	1033.878 	1165.434 	847.979 	723.904 	976.956 	1215.993 	1331.384 	1298.538 	888.822 	743.852 	845.486 	850.731 	933.104 	0.000 	0.000 	0.000 	0.000 	0.000 	0.000 	0.000 	0.000 	0.000 	0.000 	0.000 	0.000 	0.000 	0.000 	0.000 
A,GEP,N900H,KTOE,LU	0.000 	0.000 	0.000 	0.000 	0.000 	0.000 	0.000 	0.000 	0.000 	0.000 	0.000 	0.000 	0.000 	0.000 	0.000 	0.000 	0.000 	0.000 	0.000 	0.000 	0.000 	0.000 	0.000 	0.000 	0.000 	0.000 	0.000 	0.000 	0.000 	0.000 
A,GEP,N900H,KTOE,LV	0.000 	0.000 	0.000 	0.000 	0.000 	0.000 	0.000 	0.000 	0.000 	0.000 	0.000 	0.000 	0.000 	0.000 	0.000 	0.000 	0.000 	0.000 	0.000 	0.000 	0.000 	0.000 	0.000 	0.000 	0.000 	0.000 	0.000 	0.000 	0.000 	0.000 
A,GEP,N900H,KTOE,MT	0.000 	0.000 	0.000 	0.000 	0.000 	0.000 	0.000 	0.000 	0.000 	0.000 	0.000 	0.000 	0.000 	0.000 	0.000 	0.000 	0.000 	0.000 	0.000 	0.000 	0.000 	0.000 	0.000 	0.000 	0.000 	0.000 	0.000 	0.000 	0.000 	0.000 
A,GEP,N900H,KTOE,NL	345.486 	357.696 	207.051 	327.945 	329.493 	337.575 	341.874 	336.629 	345.486 	328.633 	343.680 	298.280 	361.135 	358.469 	365.262 	341.273 	356.062 	336.629 	248.581 	351.763 	350.648 	340.523 	292.560 	302.216 	336.178 	351.450 	329.145 	357.379 	342.674 	307.274 
A,GEP,N900H,KTOE,NO	0.000 	0.000 	0.000 	0.000 	0.000 	0.000 	0.000 	0.000 	0.000 	0.000 	0.000 	0.000 	0.000 	0.000 	0.000 	0.000 	0.000 	0.000 	0.000 	0.000 	0.000 	0.000 	0.000 	0.000 	0.000 	0.000 	0.000 	0.000 	0.000 	: 
A,GEP,N900H,KTOE,PL	0.000 	0.000 	0.000 	0.000 	0.000 	0.000 	0.000 	0.000 	0.000 	0.000 	0.000 	0.000 	0.000 	0.000 	0.000 	0.000 	0.000 	0.000 	0.000 	0.000 	0.000 	0.000 	0.000 	0.000 	0.000 	0.000 	0.000 	0.000 	0.000 	0.000 
A,GEP,N900H,KTOE,PT	0.000 	0.000 	0.000 	0.000 	0.000 	0.000 	0.000 	0.000 	0.000 	0.000 	0.000 	0.000 	0.000 	0.000 	0.000 	0.000 	0.000 	0.000 	0.000 	0.000 	0.000 	0.000 	0.000 	0.000 	0.000 	0.000 	0.000 	0.000 	0.000 	0.000 
A,GEP,N900H,KTOE,RO	0.000 	119.175 	464.316 	456.320 	446.948 	469.132 	468.272 	474.033 	421.840 	477.042 	477.644 	484.265 	662.855 	965.262 	1010.490 	999.398 	1010.060 	985.899 	998.968 	1003.955 	1000.860 	970.421 	989.584 	978.283 	969.920 	985.933 	970.277 	953.457 	962.260 	938.261 
A,GEP,N900H,KTOE,SE	6013.328 	6386.414 	6012.726 	6326.999 	6293.035 	4928.289 	6200.258 	5856.492 	5796.647 	6662.597 	6223.302 	5758.985 	5758.298 	5493.465 	4486.071 	4972.313 	5199.914 	5506.191 	5714.273 	5578.418 	4845.056 	5425.709 	5648.839 	5894.153 	5686.156 	4230.267 	4554.170 	4466.380 	4167.670 	4356.406 
A,GEP,N900H,KTOE,SI	410.920 	399.570 	431.556 	433.534 	403.783 	409.372 	452.021 	475.322 	447.721 	469.390 	505.933 	477.042 	489.682 	539.381 	493.465 	486.414 	534.394 	475.322 	455.718 	547.721 	485.641 	491.402 	540.436 	496.684 	500.538 	546.240 	490.623 	481.987 	481.772 	501.782 
A,GEP,N900H,KTOE,SK	983.405 	967.240 	952.107 	979.708 	1127.859 	1418.229 	1470.593 	1543.680 	1536.028 	1463.972 	1524.248 	1548.753 	1318.487 	1436.199 	1210.748 	1253.138 	1325.107 	1332.330 	1351.677 	1332.674 	1302.322 	1270.335 	1296.733 	1276.268 	1314.015 	1327.945 	1352.537 	1368.874 	1576.354 	1567.670 
A,GEP,RA000,KTOE,AT	3345.142 	3077.411 	3251.918 	3356.133 	3641.313 	3734.619 	3631.402 	3602.419 	3031.093 	3407.452 	3515.442 	3496.885 	3712.595 	3828.959 	4056.513 	3869.161 	3517.469 	4413.399 	4341.479 	4315.242 	4091.319 	4392.282 	4389.954 	4303.827 	4697.647 	4765.570 	4535.999 	4334.231 	5172.492 	5827.920 
A,GEP,RA000,KTOE,BE	57.438 	48.237 	50.559 	65.262 	73.087 	89.768 	92.433 	97.850 	102.494 	128.766 	181.107 	253.861 	299.694 	379.745 	467.726 	572.528 	720.894 	905.185 	1008.375 	1050.095 	1242.786 	1226.285 	1359.020 	1477.424 	1674.479 	2017.256 	1956.139 	2100.757 	2362.115 	2281.849 
A,GEP,RA000,KTOE,BG	186.930 	248.323 	234.222 	263.801 	234.910 	226.225 	141.960 	181.943 	257.524 	269.975 	369.907 	363.974 	247.352 	251.949 	316.371 	495.513 	334.417 	450.822 	594.441 	635.395 	753.044 	605.883 	527.181 	806.574 	643.558 	641.925 	886.350 	828.877 	864.892 	977.623 
A,GEP,RA000,KTOE,CY	0.000 	0.000 	0.000 	0.000 	0.000 	0.000 	0.000 	0.000 	0.000 	0.069 	0.079 	0.130 	0.304 	1.242 	2.640 	6.298 	15.323 	22.084 	28.118 	27.250 	34.372 	36.514 	37.421 	41.052 	44.261 	51.302 	66.617 	76.007 	93.970 	0.000 
A,GEP,RA000,KTOE,CZ	206.965 	194.411 	188.564 	170.531 	202.729 	196.365 	221.554 	257.776 	161.536 	235.833 	269.417 	302.533 	293.370 	320.809 	400.253 	507.580 	623.002 	693.490 	800.377 	788.623 	810.003 	806.860 	827.751 	810.938 	864.648 	890.122 	915.269 	925.772 	958.484 	1061.699 
A,GEP,RA000,KTOE,DE	2229.751 	2282.975 	1982.975 	2141.187 	2469.218 	3050.301 	3258.383 	3824.334 	4012.898 	4983.405 	5451.591 	6234.824 	7684.265 	8106.879 	8249.183 	9043.852 	10665.348 	12299.484 	13098.796 	13974.721 	16232.588 	16308.856 	18600.430 	19095.013 	20664.832 	21623.474 	20089.269 	21691.058 	23969.475 	24885.383 
A,GEP,RA000,KTOE,DK	159.281 	178.757 	251.815 	337.489 	376.526 	479.106 	502.666 	583.749 	694.583 	818.487 	843.680 	791.144 	886.071 	868.100 	865.262 	1068.717 	1219.334 	1275.772 	1372.977 	1546.318 	1628.293 	1581.258 	1874.283 	1785.028 	1983.938 	2016.068 	2244.022 	2447.959 	2521.262 	2700.685 
A,GEP,RA000,KTOE,EE	0.688 	0.602 	0.946 	1.376 	1.376 	1.569 	1.548 	2.580 	4.213 	5.159 	9.573 	11.161 	12.516 	17.025 	46.459 	89.758 	101.438 	126.954 	104.864 	119.408 	134.101 	136.516 	159.804 	171.006 	184.196 	255.433 	247.509 	245.585 	241.196 	296.499 
A,GEP,RA000,KTOE,EL	306.449 	377.128 	336.887 	325.623 	408.856 	356.320 	252.107 	307.567 	506.621 	508.832 	550.834 	660.336 	395.085 	494.487 	701.903 	905.971 	700.217 	871.966 	1233.927 	1047.158 	1276.894 	1280.523 	1186.676 	1388.515 	1384.048 	1509.389 	1903.405 	1930.074 	2096.777 	2381.003 
A,GEP,RA000,KTOE,ES	2096.389 	3546.948 	3179.450 	3172.329 	2339.639 	2965.606 	4238.607 	2852.107 	4794.669 	4311.039 	3634.549 	4484.520 	5012.056 	5343.349 	6369.733 	8407.240 	7525.537 	7477.354 	9579.094 	9481.335 	8348.104 	8996.740 	7560.103 	8932.502 	8683.405 	9783.577 	10812.257 	10569.089 	12362.167 	13841.012 
A,GEP,RA000,KTOE,EU27_2020	30330.063 	30553.358 	31534.633 	33078.659 	33220.782 	34995.602 	37518.087 	33533.908 	34177.397 	37850.035 	38131.728 	40169.548 	42656.432 	46481.723 	49090.045 	56115.486 	55535.463 	62669.537 	69443.346 	72060.996 	73694.517 	75006.894 	75268.479 	80922.190 	84157.402 	91186.286 	92740.241 	92996.167 	105717.175 	114431.395 
A,GEP,RA000,KTOE,FI	1680.553 	1527.170 	1732.692 	2098.735 	1822.306 	2010.198 	1852.843 	1705.131 	1639.328 	2203.945 	2017.953 	1931.784 	2091.513 	2388.756 	1865.946 	2080.418 	2078.810 	2455.648 	2203.755 	2258.867 	2624.826 	2614.958 	2706.510 	2763.562 	2741.570 	3089.195 	3282.417 	3324.732 	3637.353 	4013.178 
A,GEP,RA000,KTOE,FR	6334.203 	5769.591 	5571.798 	5455.370 	6338.198 	5831.441 	6542.875 	5390.228 	5285.040 	5367.725 	4727.783 	5237.652 	5528.282 	6219.307 	5860.558 	6593.687 	5699.186 	7356.764 	8578.290 	8116.259 	7934.047 	8550.040 	7946.233 	9838.759 	9772.013 	10808.245 	10547.911 	9815.075 	12123.562 	13369.817 
A,GEP,RA000,KTOE,HR	489.407 	676.844 	503.388 	518.521 	630.800 	554.936 	617.403 	503.130 	469.286 	656.285 	607.008 	571.539 	407.713 	502.236 	643.393 	799.524 	454.623 	452.447 	797.589 	854.329 	645.690 	719.115 	611.840 	841.040 	717.696 	735.219 	905.236 	769.639 	1051.350 	959.579 
A,GEP,RA000,KTOE,HU	18.864 	22.093 	23.124 	18.500 	21.120 	20.875 	22.118 	20.376 	28.864 	80.447 	160.757 	128.428 	161.847 	202.655 	248.900 	259.629 	232.863 	227.486 	239.664 	270.972 	277.667 	280.149 	299.226 	323.818 	403.267 	475.408 	594.583 	658.813 	805.933 	1026.363 
A,GEP,RA000,KTOE,IE	62.706 	65.626 	69.633 	100.843 	96.999 	102.326 	88.783 	119.384 	98.498 	120.797 	162.673 	215.105 	243.729 	312.584 	358.268 	324.635 	472.597 	457.666 	490.362 	556.813 	685.179 	654.646 	774.188 	889.347 	1028.386 	1173.843 	1011.928 	1139.901 	1228.155 	1247.821 
A,GEP,RA000,KTOE,IT	3564.746 	3974.463 	3973.001 	3996.217 	4412.296 	4374.821 	4673.044 	4154.386 	4029.705 	4632.118 	4165.085 	4353.761 	4102.740 	5001.192 	5954.889 	6617.744 	7133.401 	7929.697 	9630.983 	10376.515 	9364.065 	9288.207 	8933.590 	9837.890 	9961.023 	10052.858 	10003.354 	8638.526 	10023.959 	11552.634 
A,GEP,RA000,KTOE,LT	32.072 	28.031 	25.451 	35.856 	35.684 	29.235 	28.203 	30.782 	28.547 	36.801 	39.553 	37.403 	49.957 	51.763 	58.813 	78.332 	95.615 	101.720 	131.212 	129.923 	144.282 	180.138 	218.216 	189.561 	212.304 	221.427 	225.426 	260.275 	381.531 	538.349 
A,GEP,RA000,KTOE,LU	9.243 	6.487 	8.849 	12.302 	10.477 	14.672 	14.419 	13.008 	12.136 	16.787 	17.975 	21.120 	22.748 	24.280 	23.028 	23.047 	21.133 	26.488 	31.829 	34.190 	37.041 	39.312 	51.624 	58.749 	68.505 	83.946 	85.111 	89.602 	108.076 	118.060 
A,GEP,RA000,KTOE,LV	252.553 	160.086 	254.051 	371.276 	237.259 	242.784 	244.121 	213.630 	201.079 	274.827 	293.547 	239.649 	243.152 	276.261 	305.681 	312.548 	264.597 	353.377 	303.820 	240.964 	238.798 	299.363 	469.622 	300.825 	274.472 	313.803 	319.675 	328.161 	426.772 	399.179 
A,GEP,RA000,KTOE,MT	0.000 	0.000 	0.000 	0.000 	0.000 	0.000 	0.000 	0.000 	0.000 	0.000 	0.000 	0.000 	0.000 	0.000 	0.000 	0.058 	0.851 	2.206 	3.048 	6.439 	8.744 	11.715 	14.794 	17.110 	17.356 	20.878 	22.618 	25.487 	27.366 	28.891 
A,GEP,RA000,KTOE,NL	120.774 	156.144 	173.292 	200.143 	215.596 	255.461 	283.938 	341.823 	340.658 	456.297 	640.321 	692.172 	651.997 	819.499 	931.644 	962.740 	1059.345 	1073.152 	1040.914 	1001.505 	1176.865 	1270.954 	1499.444 	1623.546 	1960.721 	2814.229 	3476.615 	4135.211 	4896.964 	5339.577 
A,GEP,RA000,KTOE,NO	10475.408 	8957.352 	9460.619 	9972.829 	10468.616 	12218.831 	10382.201 	11151.935 	9116.801 	9406.019 	11738.607 	10351.935 	11602.236 	12068.272 	10875.924 	10143.336 	10481.599 	12347.206 	11213.672 	11860.714 	12043.852 	12481.169 	12508.942 	12301.350 	11270.824 	13073.037 	13418.619 	12335.396 	13008.228 	: 
A,GEP,RA000,KTOE,PL	168.100 	177.472 	183.319 	217.799 	202.236 	200.516 	239.295 	237.919 	193.465 	275.735 	330.824 	368.955 	466.835 	568.116 	746.236 	936.266 	1129.580 	1451.313 	1467.437 	1706.085 	1950.478 	1961.080 	2074.129 	1858.743 	2189.066 	2427.047 	2628.414 	3240.634 	3942.680 	4529.162 
A,GEP,RA000,KTOE,PT	806.535 	1357.180 	1223.216 	1216.423 	741.359 	1106.449 	1353.482 	836.887 	1522.184 	1058.855 	710.106 	1351.906 	1394.464 	1258.905 	1572.739 	2437.797 	2073.492 	1665.715 	2534.122 	2713.750 	2095.599 	2778.168 	1940.950 	2528.122 	2356.449 	2588.113 	2712.074 	2373.731 	2953.782 	3469.751 
A,GEP,RA000,KTOE,RO	1435.340 	1354.686 	1506.449 	1624.248 	1572.657 	1270.679 	1283.147 	1379.966 	1140.327 	1420.211 	1738.012 	1578.706 	1376.138 	1481.050 	1337.330 	1745.465 	1402.663 	1283.393 	1732.402 	2332.402 	2252.808 	2318.895 	2087.876 	2252.329 	2118.245 	2115.788 	2265.145 	2030.006 	2438.229 	2101.639 
A,GEP,RA000,KTOE,SE	6066.708 	4643.415 	6193.729 	6715.238 	6427.112 	7148.789 	7164.275 	6117.341 	5049.942 	5862.999 	6984.517 	6110.733 	6657.257 	6999.871 	6862.433 	7058.007 	7230.309 	8453.052 	7109.876 	7372.396 	8813.111 	7663.511 	8173.517 	7837.747 	8506.707 	9642.562 	9951.591 	10166.466 	9909.372 	10281.831 
A,GEP,RA000,KTOE,SI	279.622 	315.821 	265.864 	296.561 	324.334 	335.722 	332.559 	293.556 	264.796 	362.417 	307.371 	318.256 	290.590 	370.328 	421.912 	408.228 	333.566 	372.224 	439.335 	568.444 	374.466 	434.935 	382.446 	449.937 	433.329 	480.013 	468.504 	349.897 	542.391 	590.713 
A,GEP,RA000,KTOE,SK	419.604 	363.457 	349.441 	366.896 	384.695 	396.819 	436.922 	466.036 	307.911 	354.772 	402.064 	413.011 	424.162 	392.376 	422.232 	510.743 	429.853 	470.679 	546.260 	535.598 	519.347 	569.991 	561.651 	499.226 	571.281 	589.596 	582.803 	500.602 	576.870 	611.178 
A,GEP,RA100,KTOE,AT	3187.207 	2942.054 	3104.495 	3195.471 	3499.457 	3597.193 	3478.539 	3458.889 	2855.975 	3160.975 	3189.608 	3065.871 	3186.109 	3295.743 	3516.449 	3298.660 	2943.867 	3770.223 	3612.788 	3525.988 	3194.915 	3436.916 	3292.670 	3236.278 	3510.402 	3611.180 	3332.015 	2977.224 	3497.217 	3930.102 
A,GEP,RA100,KTOE,BE	29.063 	20.550 	26.225 	33.448 	29.321 	39.553 	37.919 	30.954 	21.238 	27.257 	24.764 	30.868 	33.448 	35.254 	28.203 	26.827 	16.853 	30.696 	32.674 	25.125 	27.377 	31.814 	23.224 	25.133 	25.881 	22.949 	35.950 	23.310 	34.592 	46.922 
A,GEP,RA100,KTOE,BG	186.930 	248.323 	234.222 	263.801 	234.910 	226.225 	141.960 	181.943 	257.524 	269.889 	369.512 	362.251 	243.323 	240.130 	295.074 	432.617 	246.912 	273.228 	347.045 	395.669 	486.203 	333.606 	243.173 	442.526 	251.892 	242.511 	414.377 	327.023 	264.844 	239.652 
A,GEP,RA100,KTOE,CY	0.000 	0.000 	0.000 	0.000 	0.000 	0.000 	0.000 	0.000 	0.000 	0.000 	0.000 	0.000 	0.000 	0.000 	0.000 	0.000 	0.000 	0.000 	0.000 	0.000 	0.000 	0.000 	0.000 	0.000 	0.000 	0.000 	0.000 	0.000 	0.000 	0.000 
A,GEP,RA100,KTOE,CZ	172.141 	169.304 	146.088 	120.034 	144.540 	151.161 	176.612 	214.273 	118.917 	173.620 	204.635 	219.286 	179.657 	174.061 	208.909 	239.852 	168.789 	183.073 	235.125 	164.123 	154.322 	171.972 	160.745 	140.054 	172.659 	184.341 	207.095 	180.006 	203.180 	228.961 
A,GEP,RA100,KTOE,DE	1872.743 	1887.962 	1492.433 	1480.310 	1689.338 	1868.616 	1954.686 	1988.306 	1575.322 	1783.835 	1688.564 	1722.356 	1820.206 	1757.782 	1636.371 	1801.634 	1519.518 	1870.593 	1977.472 	1684.179 	1631.642 	1766.638 	1732.588 	1521.324 	1696.561 	1609.716 	1690.198 	1515.391 	1826.655 	2048.581 
A,GEP,RA100,KTOE,DK	2.580 	1.634 	1.634 	2.322 	2.666 	2.580 	2.408 	2.752 	1.806 	2.322 	1.978 	1.978 	2.408 	2.236 	1.634 	1.775 	1.450 	1.503 	1.154 	1.299 	1.550 	1.657 	1.537 	1.278 	1.458 	1.467 	1.401 	1.285 	1.688 	1.940 
A,GEP,RA100,KTOE,EE	0.172 	0.172 	0.258 	0.344 	0.344 	0.430 	0.602 	0.516 	1.118 	1.892 	1.892 	1.161 	1.876 	2.400 	2.750 	2.311 	2.582 	3.616 	2.195 	2.325 	2.287 	3.009 	2.236 	1.290 	1.634 	2.580 	1.978 	1.978 	2.064 	2.600 
A,GEP,RA100,KTOE,EL	303.439 	373.861 	333.792 	319.604 	394.841 	317.541 	180.310 	240.757 	409.802 	401.721 	431.408 	504.286 	222.822 	284.806 	460.237 	642.713 	344.898 	377.689 	545.737 	385.066 	524.350 	476.581 	340.718 	493.848 	343.904 	287.505 	507.604 	331.487 	328.059 	307.969 
A,GEP,RA100,KTOE,ES	1984.523 	3420.980 	2988.220 	2922.528 	1962.425 	2429.579 	3515.735 	1824.936 	3480.911 	2672.743 	1581.513 	2232.072 	2348.151 	2008.942 	2270.937 	3637.489 	2630.782 	1766.552 	3169.821 	3367.884 	2419.604 	3129.437 	1575.408 	2952.193 	2119.175 	2623.130 	2547.377 	1512.468 	2149.269 	2959.134 
A,GEP,RA100,KTOE,EU27_2020	27964.978 	28133.042 	28526.001 	29488.008 	29305.846 	30110.361 	32107.785 	26879.172 	26195.753 	27790.954 	26398.121 	26654.086 	26457.845 	27996.841 	28288.851 	31971.186 	26433.826 	28518.713 	31643.449 	31818.505 	28889.783 	29715.546 	25309.198 	29568.480 	27537.276 	29846.016 	29942.327 	23748.092 	28412.583 	31784.991 
A,GEP,RA100,KTOE,FI	1111.350 	1019.776 	1052.623 	1294.153 	1098.882 	1260.533 	1135.426 	926.569 	824.678 	1295.754 	1185.211 	988.280 	1219.020 	1471.379 	1090.802 	1111.091 	1070.081 	1449.624 	1103.921 	1151.938 	1441.848 	1358.480 	1270.118 	1143.689 	1067.969 	1365.721 	1357.793 	1160.083 	1306.998 	1229.513 
A,GEP,RA100,KTOE,FR	6133.439 	5560.539 	5340.726 	5225.419 	6089.500 	5570.074 	6244.394 	5062.617 	4931.395 	4990.642 	4311.191 	4718.654 	4814.269 	5344.671 	4771.672 	5262.441 	3933.264 	5144.509 	6184.044 	5483.459 	4776.980 	5231.230 	4299.334 	5598.575 	4893.684 	5376.054 	5119.282 	3917.046 	4806.120 	6114.866 
A,GEP,RA100,KTOE,HR	488.633 	676.071 	503.302 	517.747 	630.026 	554.850 	617.403 	503.130 	469.286 	655.770 	604.944 	568.960 	404.110 	496.991 	637.008 	784.712 	432.664 	415.899 	741.333 	774.387 	549.496 	589.174 	456.354 	662.158 	500.954 	486.879 	612.872 	469.450 	701.677 	578.418 
A,GEP,RA100,KTOE,HU	14.015 	17.799 	18.573 	13.328 	15.563 	15.305 	15.993 	16.681 	14.703 	17.599 	17.382 	15.971 	18.056 	18.310 	19.629 	16.198 	19.091 	18.309 	18.325 	25.922 	20.096 	22.297 	18.917 	19.089 	18.831 	20.980 	18.229 	15.305 	19.089 	19.862 
A,GEP,RA100,KTOE,IE	61.307 	62.081 	58.298 	78.762 	72.829 	72.829 	51.247 	78.418 	51.419 	54.170 	54.279 	62.276 	57.315 	83.261 	77.535 	51.525 	60.764 	68.990 	51.547 	60.933 	69.346 	58.558 	59.467 	59.681 	76.233 	80.194 	64.439 	60.293 	81.062 	65.874 
A,GEP,RA100,KTOE,IT	3248.667 	3614.531 	3577.214 	3544.282 	3900.688 	3800.468 	4024.959 	3398.053 	3153.035 	3640.402 	3101.181 	3180.938 	2821.602 	3578.930 	4225.063 	4395.251 	3940.045 	3600.593 	4537.695 	5034.002 	3915.505 	3648.474 	3112.529 	4194.877 	3982.677 	4088.717 	3902.680 	2441.752 	3483.857 	4568.424 
A,GEP,RA100,KTOE,LT	32.072 	28.031 	25.451 	35.856 	35.684 	29.235 	28.031 	30.439 	27.945 	36.199 	38.779 	34.136 	36.199 	34.566 	36.457 	46.432 	41.273 	36.371 	44.798 	34.308 	30.009 	39.037 	51.797 	37.059 	29.699 	25.847 	32.992 	39.931 	38.710 	37.532 
A,GEP,RA100,KTOE,LU	7.567 	5.159 	7.137 	9.888 	7.309 	10.619 	10.149 	8.575 	6.829 	8.947 	7.991 	9.571 	10.035 	11.360 	9.101 	9.257 	5.417 	8.452 	10.249 	9.268 	8.534 	9.924 	7.364 	7.977 	9.193 	7.876 	9.184 	5.511 	7.706 	9.044 
A,GEP,RA100,KTOE,LV	252.517 	159.967 	253.917 	371.124 	237.075 	242.404 	243.603 	211.832 	194.857 	267.358 	285.923 	232.014 	235.030 	267.329 	297.257 	302.709 	248.235 	318.741 	250.388 	171.422 	159.962 	217.500 	376.666 	209.077 	181.217 	223.821 	232.829 	236.442 	326.264 	275.907 
A,GEP,RA100,KTOE,MT	0.000 	0.000 	0.000 	0.000 	0.000 	0.000 	0.000 	0.000 	0.000 	0.000 	0.000 	0.000 	0.000 	0.000 	0.000 	0.000 	0.000 	0.000 	0.000 	0.000 	0.000 	0.000 	0.000 	0.000 	0.000 	0.000 	0.000 	0.000 	0.000 	0.000 
A,GEP,RA100,KTOE,NL	7.567 	6.879 	7.911 	9.630 	7.739 	12.247 	10.084 	9.458 	6.191 	8.169 	7.567 	9.114 	9.200 	8.770 	8.426 	9.028 	4.901 	8.976 	9.829 	9.647 	7.971 	8.605 	5.224 	6.221 	6.379 	3.961 	7.587 	4.299 	5.965 	7.342 
A,GEP,RA100,KTOE,NO	10449.699 	8930.525 	9438.951 	9948.667 	10442.992 	12194.153 	10357.954 	11123.990 	9069.647 	9353.482 	11667.068 	10263.887 	11492.347 	11955.632 	10772.399 	10037.747 	10342.132 	12186.071 	11017.885 	11648.323 	11805.847 	12279.192 	12241.273 	11950.246 	10772.943 	12193.015 	12378.781 	11026.640 	11755.271 	: 
A,GEP,RA100,KTOE,PL	162.253 	166.036 	168.616 	198.538 	185.297 	181.083 	199.914 	195.959 	143.680 	178.997 	189.242 	175.588 	202.247 	185.052 	204.225 	251.070 	200.463 	175.129 	209.705 	187.657 	157.540 	183.959 	220.084 	169.389 	168.393 	182.144 	201.133 	169.234 	207.181 	181.817 
A,GEP,RA100,KTOE,PT	716.509 	1268.530 	1126.311 	1115.821 	624.076 	973.603 	1206.707 	670.679 	1351.935 	848.581 	406.764 	946.017 	867.753 	584.613 	712.319 	1388.469 	992.194 	483.466 	1180.603 	1338.686 	744.669 	1351.962 	507.041 	1065.636 	758.187 	1038.915 	1023.864 	561.997 	1035.194 	1280.533 
A,GEP,RA100,KTOE,RO	1435.340 	1354.686 	1505.503 	1623.302 	1572.657 	1270.679 	1283.147 	1379.708 	1140.069 	1419.867 	1737.477 	1578.275 	1372.826 	1478.568 	1335.642 	1709.620 	1266.351 	1037.515 	1286.003 	1616.902 	1430.101 	1550.147 	1246.299 	1518.848 	1339.692 	1322.549 	1497.157 	1201.778 	1559.503 	1220.344 
A,GEP,RA100,KTOE,SE	5855.718 	4448.839 	5937.747 	6448.839 	6164.316 	6757.008 	6797.936 	5705.933 	4603.611 	5169.676 	6259.931 	5307.154 	5688.643 	5938.893 	5662.226 	5709.182 	5712.296 	6786.930 	5276.085 	5482.628 	6475.708 	5332.550 	5601.290 	5349.097 	5620.894 	6224.334 	6352.966 	6007.825 	5691.058 	5555.890 
A,GEP,RA100,KTOE,SI	279.622 	315.821 	265.864 	296.561 	321.668 	329.727 	326.375 	284.829 	254.281 	352.032 	297.589 	308.763 	280.823 	345.474 	405.382 	388.474 	306.270 	335.242 	398.060 	523.779 	327.352 	387.212 	332.618 	404.499 	385.159 	424.253 	405.203 	270.723 	431.708 	458.803 
A,GEP,RA100,KTOE,SK	419.604 	363.457 	349.441 	366.896 	384.695 	396.819 	423.646 	452.966 	299.226 	352.537 	398.796 	378.246 	382.717 	347.320 	375.543 	451.849 	324.866 	352.794 	416.853 	361.909 	332.416 	374.807 	371.797 	308.684 	374.549 	388.392 	366.122 	316.251 	402.923 	414.961 
A,GEP,RA300,KTOE,AT	0.064 	0.399 	1.739 	3.908 	4.347 	5.740 	8.998 	12.022 	32.010 	80.278 	114.469 	150.713 	175.166 	172.937 	168.017 	177.465 	166.483 	211.768 	271.060 	330.669 	416.193 	450.115 	565.048 	518.524 	640.591 	583.966 	579.539 	622.670 	691.032 	795.995 
A,GEP,RA300,KTOE,BE	0.774 	0.688 	0.688 	0.946 	1.118 	1.376 	3.181 	4.901 	7.567 	12.210 	19.518 	31.470 	42.218 	54.772 	85.641 	111.427 	199.355 	237.257 	315.133 	396.844 	479.278 	465.993 	560.679 	651.255 	838.813 	1102.201 	1031.608 	1062.132 	1327.936 	1188.693 
A,GEP,RA300,KTOE,BG	0.000 	0.000 	0.000 	0.000 	0.000 	0.000 	0.000 	0.000 	0.000 	0.086 	0.394 	1.724 	4.024 	10.469 	20.379 	58.587 	74.041 	104.978 	118.101 	114.409 	124.807 	122.525 	129.326 	113.338 	113.241 	127.010 	123.264 	128.902 	136.187 	118.408 
A,GEP,RA300,KTOE,CY	0.000 	0.000 	0.000 	0.000 	0.000 	0.000 	0.000 	0.000 	0.000 	0.031 	0.031 	0.031 	0.031 	0.031 	0.031 	2.728 	9.859 	15.948 	19.866 	15.722 	19.076 	19.493 	18.181 	19.006 	20.513 	20.671 	21.193 	19.283 	17.926 	0.000 
A,GEP,RA300,KTOE,CZ	0.000 	0.000 	0.000 	0.000 	0.000 	0.076 	0.000 	0.173 	0.421 	0.849 	1.830 	4.248 	10.757 	21.037 	24.769 	28.847 	34.136 	35.754 	41.317 	40.975 	49.236 	42.731 	50.820 	52.393 	60.190 	60.110 	51.723 	55.145 	60.330 	61.635 
A,GEP,RA300,KTOE,DE	147.206 	178.676 	260.877 	394.927 	475.322 	804.127 	899.054 	1363.371 	1641.187 	2237.231 	2388.134 	2693.379 	3482.975 	3558.469 	3389.510 	3314.445 	4287.016 	4443.680 	4534.566 	5029.837 	6932.416 	6872.227 	9087.962 	9454.084 	10824.936 	11358.727 	9816.767 	10732.244 	12189.510 	11944.454 
A,GEP,RA300,KTOE,DK	101.204 	105.503 	166.294 	242.476 	260.447 	364.660 	370.249 	419.347 	478.160 	566.036 	568.702 	525.193 	616.595 	595.701 	577.902 	671.489 	840.429 	883.056 	956.429 	1124.549 	1215.227 	1099.031 	1270.851 	1195.353 	1388.636 	1404.146 	1380.436 	1637.847 	1671.049 	1767.226 
A,GEP,RA300,KTOE,EE	0.000 	0.000 	0.000 	0.000 	0.000 	0.000 	0.000 	0.086 	0.516 	0.688 	4.643 	6.561 	7.806 	11.475 	16.815 	23.817 	31.699 	37.276 	45.489 	51.907 	61.479 	51.075 	62.167 	54.686 	59.071 	72.571 	63.027 	57.438 	58.727 	100.335 
A,GEP,RA300,KTOE,EL	2.923 	3.267 	3.095 	6.019 	13.929 	38.779 	65.004 	55.976 	87.790 	96.368 	108.895 	146.118 	156.320 	192.777 	218.659 	233.357 	285.058 	331.054 	355.902 	317.160 	397.336 	442.467 	476.095 	541.725 	624.793 	800.525 	901.374 	935.791 	947.701 	1043.526 
A,GEP,RA300,KTOE,ES	23.216 	31.298 	63.801 	116.251 	235.942 	406.449 	581.169 	803.267 	1038.263 	1349.957 	1820.808 	2003.181 	2370.421 	2832.846 	3277.472 	3806.621 	3690.284 	4253.826 	4784.695 	4472.313 	4241.187 	4205.073 	4224.162 	4376.268 	4784.781 	4853.310 	5336.285 	5398.452 	5526.655 	5338.761 
A,GEP,RA300,KTOE,EU27_2020	316.179 	377.359 	575.559 	894.198 	1148.387 	1829.754 	2213.587 	3015.388 	3724.406 	4947.341 	5856.667 	6770.263 	8593.286 	9739.884 	10714.102 	12028.614 	14245.795 	16151.766 	18047.258 	19156.932 	22678.450 	22988.174 	26907.850 	27630.465 	31644.033 	34293.699 	33321.821 	36341.849 	41311.330 	42118.286 
A,GEP,RA300,KTOE,FI	0.946 	0.946 	1.462 	1.978 	4.213 	6.707 	6.019 	5.503 	7.997 	10.348 	14.612 	13.383 	16.200 	22.401 	23.785 	25.307 	41.392 	42.504 	66.526 	95.200 	200.117 	263.804 	412.312 	502.035 	518.035 	709.860 	731.447 	1033.706 	1293.480 	1809.652 
A,GEP,RA300,KTOE,FR	0.405 	0.639 	0.957 	1.676 	3.177 	4.141 	11.285 	22.837 	33.340 	51.148 	82.766 	187.668 	349.966 	489.614 	680.273 	855.115 	1085.477 	1331.742 	1415.850 	1519.976 	1879.429 	1875.953 	2159.215 	2509.221 	3048.882 	3500.223 	3241.050 	3351.320 	4424.523 	4084.211 
A,GEP,RA300,KTOE,HR	0.000 	0.000 	0.000 	0.000 	0.000 	0.000 	0.000 	0.000 	0.000 	0.172 	0.860 	1.634 	3.001 	3.431 	4.660 	11.960 	17.283 	28.267 	44.479 	62.766 	68.469 	87.210 	103.525 	114.824 	126.165 	147.954 	177.283 	183.818 	222.399 	221.548 
A,GEP,RA300,KTOE,HU	0.000 	0.000 	0.000 	0.000 	0.000 	0.000 	0.086 	0.086 	0.344 	0.477 	0.868 	3.729 	9.458 	17.612 	28.455 	45.898 	53.800 	66.207 	61.695 	56.452 	59.615 	58.787 	65.176 	52.193 	62.683 	56.320 	57.094 	52.451 	55.546 	56.664 
A,GEP,RA300,KTOE,IE	1.399 	1.224 	4.371 	14.773 	16.346 	21.328 	29.196 	33.916 	39.685 	57.255 	97.194 	141.786 	171.185 	210.664 	258.321 	246.035 	382.891 	350.548 	396.965 	449.268 	574.506 	537.279 	650.645 	755.161 	875.748 	1009.480 	854.661 	979.664 	1020.065 	1001.682 
A,GEP,RA300,KTOE,IT	0.774 	2.837 	10.146 	19.862 	34.652 	48.409 	101.376 	120.722 	125.365 	158.774 	201.496 	255.437 	346.892 	417.998 	562.585 	784.688 	847.496 	1152.805 	1280.908 	1305.100 	1276.344 	1520.952 	1525.530 	1523.339 	1737.063 	1613.204 	1799.424 	1762.182 	2032.715 	1919.337 
A,GEP,RA300,KTOE,LT	0.000 	0.000 	0.000 	0.000 	0.000 	0.000 	0.000 	0.000 	0.000 	0.086 	0.172 	1.204 	9.114 	11.264 	13.586 	19.261 	40.843 	46.432 	51.849 	54.944 	69.647 	97.678 	117.266 	98.366 	128.925 	133.422 	117.085 	130.043 	218.065 	296.492 
A,GEP,RA300,KTOE,LU	0.000 	0.000 	0.258 	0.946 	1.548 	2.128 	2.041 	2.105 	2.250 	3.388 	4.493 	4.986 	5.528 	5.210 	5.458 	4.736 	5.507 	6.661 	7.139 	6.868 	8.757 	8.726 	20.191 	21.890 	24.186 	30.192 	27.026 	26.846 	42.587 	40.137 
A,GEP,RA300,KTOE,LV	0.037 	0.119 	0.134 	0.152 	0.184 	0.380 	0.295 	0.967 	4.166 	4.226 	4.029 	3.974 	4.551 	5.082 	4.307 	4.218 	6.096 	9.825 	10.323 	12.013 	12.651 	10.996 	12.898 	10.493 	13.242 	15.206 	12.161 	16.353 	23.281 	23.730 
A,GEP,RA300,KTOE,MT	0.000 	0.000 	0.000 	0.000 	0.000 	0.000 	0.000 	0.000 	0.000 	0.000 	0.000 	0.000 	0.000 	0.000 	0.000 	0.000 	0.000 	0.006 	0.007 	0.005 	0.005 	0.005 	0.005 	0.005 	0.005 	0.005 	0.005 	0.005 	0.003 	0.003 
A,GEP,RA300,KTOE,NL	27.257 	37.575 	40.843 	55.030 	55.460 	71.284 	70.973 	81.459 	113.480 	160.841 	177.700 	235.107 	295.617 	366.269 	393.863 	343.348 	438.536 	428.360 	483.848 	498.481 	649.171 	702.532 	908.753 	907.009 	989.504 	1313.648 	1558.328 	1854.340 	2548.077 	2881.290 
A,GEP,RA300,KTOE,NO	0.860 	0.774 	0.946 	0.946 	2.150 	2.666 	2.322 	6.449 	18.745 	21.668 	42.906 	54.686 	76.698 	78.504 	84.007 	75.580 	110.318 	133.104 	161.737 	190.628 	216.251 	181.943 	245.400 	333.350 	475.022 	852.324 	1011.968 	1273.419 	1200.782 	: 
A,GEP,RA300,KTOE,PL	0.086 	0.000 	0.172 	0.344 	0.344 	0.430 	1.204 	5.245 	10.662 	12.237 	11.648 	22.019 	44.848 	71.952 	92.629 	143.107 	275.542 	408.133 	516.234 	659.985 	933.651 	1082.338 	1281.947 	1100.498 	1298.947 	1358.560 	1395.834 	1700.734 	2078.792 	2144.903 
A,GEP,RA300,KTOE,PT	1.376 	1.806 	3.267 	7.653 	10.576 	14.445 	22.012 	31.126 	42.648 	70.192 	152.473 	251.545 	347.094 	495.046 	651.502 	789.473 	787.757 	882.182 	1033.070 	1041.393 	998.077 	1072.579 	1053.126 	1084.831 	1175.146 	1057.495 	1136.338 	1138.780 	1130.301 	1239.808 
A,GEP,RA300,KTOE,RO	0.000 	0.000 	0.000 	0.000 	0.000 	0.000 	0.000 	0.000 	0.000 	0.000 	0.020 	0.048 	0.217 	0.428 	0.780 	26.341 	119.278 	226.988 	388.668 	533.182 	607.303 	566.638 	636.862 	543.613 	582.357 	597.202 	565.396 	601.623 	649.011 	546.026 
A,GEP,RA300,KTOE,SE	8.512 	12.382 	17.455 	27.257 	30.782 	39.295 	41.445 	52.279 	58.383 	73.947 	80.396 	84.609 	122.614 	171.797 	214.187 	299.828 	525.107 	615.993 	846.260 	966.036 	1403.439 	1330.954 	1514.101 	1429.321 	1706.535 	2366.810 	2342.562 	2859.243 	2944.540 	3492.777 
A,GEP,RA300,KTOE,SI	0.000 	0.000 	0.000 	0.000 	0.000 	0.000 	0.000 	0.000 	0.000 	0.000 	0.000 	0.000 	0.000 	0.000 	0.000 	0.000 	0.000 	0.000 	0.363 	0.362 	0.518 	0.497 	0.491 	0.518 	0.529 	0.537 	0.481 	0.493 	0.548 	0.563 
A,GEP,RA300,KTOE,SK	0.000 	0.000 	0.000 	0.000 	0.000 	0.000 	0.000 	0.000 	0.172 	0.516 	0.516 	0.516 	0.688 	0.602 	0.516 	0.516 	0.430 	0.516 	0.516 	0.516 	0.516 	0.516 	0.516 	0.516 	0.516 	0.344 	0.430 	0.344 	0.344 	0.430 
A,GEP,RA410,KTOE,AT	0.000 	0.000 	0.000 	0.000 	0.000 	0.000 	0.000 	0.000 	0.000 	0.000 	0.000 	0.000 	0.000 	0.000 	0.000 	0.000 	0.000 	0.000 	0.000 	0.000 	0.000 	0.000 	0.000 	0.000 	0.000 	0.000 	0.000 	0.000 	0.000 	0.000 
A,GEP,RA410,KTOE,BE	0.000 	0.000 	0.000 	0.000 	0.000 	0.000 	0.000 	0.000 	0.000 	0.000 	0.000 	0.000 	0.000 	0.000 	0.000 	0.000 	0.000 	0.000 	0.000 	0.000 	0.000 	0.000 	0.000 	0.000 	0.000 	0.000 	0.000 	0.000 	0.000 	0.000 
A,GEP,RA410,KTOE,BG	0.000 	0.000 	0.000 	0.000 	0.000 	0.000 	0.000 	0.000 	0.000 	0.000 	0.000 	0.000 	0.000 	0.000 	0.000 	0.000 	0.000 	0.000 	0.000 	0.000 	0.000 	0.000 	0.000 	0.000 	0.000 	0.000 	0.000 	0.000 	0.000 	0.000 
A,GEP,RA410,KTOE,CY	0.000 	0.000 	0.000 	0.000 	0.000 	0.000 	0.000 	0.000 	0.000 	0.000 	0.000 	0.000 	0.000 	0.000 	0.000 	0.000 	0.000 	0.000 	0.000 	0.000 	0.000 	0.000 	0.000 	0.000 	0.000 	0.000 	0.000 	0.000 	0.000 	0.000 
A,GEP,RA410,KTOE,CZ	0.000 	0.000 	0.000 	0.000 	0.000 	0.000 	0.000 	0.000 	0.000 	0.000 	0.000 	0.000 	0.000 	0.000 	0.000 	0.000 	0.000 	0.000 	0.000 	0.000 	0.000 	0.000 	0.000 	0.000 	0.000 	0.000 	0.000 	0.000 	0.000 	0.000 
A,GEP,RA410,KTOE,DE	0.000 	0.000 	0.000 	0.000 	0.000 	0.000 	0.000 	0.000 	0.000 	0.000 	0.000 	0.000 	0.000 	0.000 	0.000 	0.000 	0.000 	0.000 	0.000 	0.000 	0.000 	0.000 	0.000 	0.000 	0.000 	0.000 	0.000 	0.000 	0.000 	0.000 
A,GEP,RA410,KTOE,DK	0.000 	0.000 	0.000 	0.000 	0.000 	0.000 	0.000 	0.000 	0.000 	0.000 	0.000 	0.000 	0.000 	0.000 	0.000 	0.000 	0.000 	0.000 	0.000 	0.000 	0.000 	0.000 	0.000 	0.000 	0.000 	0.000 	0.000 	0.000 	0.000 	0.000 
A,GEP,RA410,KTOE,EE	0.000 	0.000 	0.000 	0.000 	0.000 	0.000 	0.000 	0.000 	0.000 	0.000 	0.000 	0.000 	0.000 	0.000 	0.000 	0.000 	0.000 	0.000 	0.000 	0.000 	0.000 	0.000 	0.000 	0.000 	0.000 	0.000 	0.000 	0.000 	0.000 	0.000 
A,GEP,RA410,KTOE,EL	0.000 	0.000 	0.000 	0.000 	0.000 	0.000 	0.000 	0.000 	0.000 	0.000 	0.000 	0.000 	0.000 	0.000 	0.000 	0.000 	0.000 	0.000 	0.000 	0.000 	0.000 	0.000 	0.000 	0.000 	0.000 	0.000 	0.000 	0.000 	0.000 	0.000 
A,GEP,RA410,KTOE,ES	0.000 	0.000 	0.000 	0.000 	0.000 	0.000 	0.000 	0.000 	0.000 	0.000 	0.000 	0.000 	0.689 	1.388 	8.856 	65.451 	168.444 	324.595 	410.124 	469.029 	480.932 	479.725 	505.847 	418.487 	488.650 	429.235 	445.056 	390.026 	444.110 	390.372 
A,GEP,RA410,KTOE,EU27_2020	0.000 	0.000 	0.000 	0.000 	0.000 	0.000 	0.000 	0.000 	0.000 	0.000 	0.000 	0.000 	0.689 	1.388 	8.856 	65.451 	168.444 	324.595 	410.124 	469.029 	480.932 	479.725 	505.847 	418.487 	488.650 	429.235 	445.056 	390.026 	444.110 	390.372 
A,GEP,RA410,KTOE,FI	0.000 	0.000 	0.000 	0.000 	0.000 	0.000 	0.000 	0.000 	0.000 	0.000 	0.000 	0.000 	0.000 	0.000 	0.000 	0.000 	0.000 	0.000 	0.000 	0.000 	0.000 	0.000 	0.000 	0.000 	0.000 	0.000 	0.000 	0.000 	0.000 	0.000 
A,GEP,RA410,KTOE,FR	0.000 	0.000 	0.000 	0.000 	0.000 	0.000 	0.000 	0.000 	0.000 	0.000 	0.000 	0.000 	0.000 	0.000 	0.000 	0.000 	0.000 	0.000 	0.000 	0.000 	0.000 	0.000 	0.000 	0.000 	0.000 	0.000 	0.000 	0.000 	0.000 	0.000 
A,GEP,RA410,KTOE,HR	0.000 	0.000 	0.000 	0.000 	0.000 	0.000 	0.000 	0.000 	0.000 	0.000 	0.000 	0.000 	0.000 	0.000 	0.000 	0.000 	0.000 	0.000 	0.000 	0.000 	0.000 	0.000 	0.000 	0.000 	0.000 	0.000 	0.000 	0.000 	0.000 	0.000 
A,GEP,RA410,KTOE,HU	0.000 	0.000 	0.000 	0.000 	0.000 	0.000 	0.000 	0.000 	0.000 	0.000 	0.000 	0.000 	0.000 	0.000 	0.000 	0.000 	0.000 	0.000 	0.000 	0.000 	0.000 	0.000 	0.000 	0.000 	0.000 	0.000 	0.000 	0.000 	0.000 	0.000 
A,GEP,RA410,KTOE,IE	0.000 	0.000 	0.000 	0.000 	0.000 	0.000 	0.000 	0.000 	0.000 	0.000 	0.000 	0.000 	0.000 	0.000 	0.000 	0.000 	0.000 	0.000 	0.000 	0.000 	0.000 	0.000 	0.000 	0.000 	0.000 	0.000 	0.000 	0.000 	0.000 	0.000 
A,GEP,RA410,KTOE,IT	0.000 	0.000 	0.000 	0.000 	0.000 	0.000 	0.000 	0.000 	0.000 	0.000 	0.000 	0.000 	0.000 	0.000 	0.000 	0.000 	0.000 	0.000 	0.000 	0.000 	0.000 	0.000 	0.000 	0.000 	0.000 	0.000 	0.000 	0.000 	0.000 	0.000 
A,GEP,RA410,KTOE,LT	0.000 	0.000 	0.000 	0.000 	0.000 	0.000 	0.000 	0.000 	0.000 	0.000 	0.000 	0.000 	0.000 	0.000 	0.000 	0.000 	0.000 	0.000 	0.000 	0.000 	0.000 	0.000 	0.000 	0.000 	0.000 	0.000 	0.000 	0.000 	0.000 	0.000 
A,GEP,RA410,KTOE,LU	0.000 	0.000 	0.000 	0.000 	0.000 	0.000 	0.000 	0.000 	0.000 	0.000 	0.000 	0.000 	0.000 	0.000 	0.000 	0.000 	0.000 	0.000 	0.000 	0.000 	0.000 	0.000 	0.000 	0.000 	0.000 	0.000 	0.000 	0.000 	0.000 	0.000 
A,GEP,RA410,KTOE,LV	0.000 	0.000 	0.000 	0.000 	0.000 	0.000 	0.000 	0.000 	0.000 	0.000 	0.000 	0.000 	0.000 	0.000 	0.000 	0.000 	0.000 	0.000 	0.000 	0.000 	0.000 	0.000 	0.000 	0.000 	0.000 	0.000 	0.000 	0.000 	0.000 	0.000 
A,GEP,RA410,KTOE,MT	0.000 	0.000 	0.000 	0.000 	0.000 	0.000 	0.000 	0.000 	0.000 	0.000 	0.000 	0.000 	0.000 	0.000 	0.000 	0.000 	0.000 	0.000 	0.000 	0.000 	0.000 	0.000 	0.000 	0.000 	0.000 	0.000 	0.000 	0.000 	0.000 	0.000 
A,GEP,RA410,KTOE,NL	0.000 	0.000 	0.000 	0.000 	0.000 	0.000 	0.000 	0.000 	0.000 	0.000 	0.000 	0.000 	0.000 	0.000 	0.000 	0.000 	0.000 	0.000 	0.000 	0.000 	0.000 	0.000 	0.000 	0.000 	0.000 	0.000 	0.000 	0.000 	0.000 	0.000 
A,GEP,RA410,KTOE,NO	0.000 	0.000 	0.000 	0.000 	0.000 	0.000 	0.000 	0.000 	0.000 	0.000 	0.000 	0.000 	0.000 	0.000 	0.000 	0.000 	0.000 	0.000 	0.000 	0.000 	0.000 	0.000 	0.000 	0.000 	0.000 	0.000 	0.000 	0.000 	0.000 	: 
A,GEP,RA410,KTOE,PL	0.000 	0.000 	0.000 	0.000 	0.000 	0.000 	0.000 	0.000 	0.000 	0.000 	0.000 	0.000 	0.000 	0.000 	0.000 	0.000 	0.000 	0.000 	0.000 	0.000 	0.000 	0.000 	0.000 	0.000 	0.000 	0.000 	0.000 	0.000 	0.000 	0.000 
A,GEP,RA410,KTOE,PT	0.000 	0.000 	0.000 	0.000 	0.000 	0.000 	0.000 	0.000 	0.000 	0.000 	0.000 	0.000 	0.000 	0.000 	0.000 	0.000 	0.000 	0.000 	0.000 	0.000 	0.000 	0.000 	0.000 	0.000 	0.000 	0.000 	0.000 	0.000 	0.000 	0.000 
A,GEP,RA410,KTOE,RO	0.000 	0.000 	0.000 	0.000 	0.000 	0.000 	0.000 	0.000 	0.000 	0.000 	0.000 	0.000 	0.000 	0.000 	0.000 	0.000 	0.000 	0.000 	0.000 	0.000 	0.000 	0.000 	0.000 	0.000 	0.000 	0.000 	0.000 	0.000 	0.000 	0.000 
A,GEP,RA410,KTOE,SE	0.000 	0.000 	0.000 	0.000 	0.000 	0.000 	0.000 	0.000 	0.000 	0.000 	0.000 	0.000 	0.000 	0.000 	0.000 	0.000 	0.000 	0.000 	0.000 	0.000 	0.000 	0.000 	0.000 	0.000 	0.000 	0.000 	0.000 	0.000 	0.000 	0.000 
A,GEP,RA410,KTOE,SI	0.000 	0.000 	0.000 	0.000 	0.000 	0.000 	0.000 	0.000 	0.000 	0.000 	0.000 	0.000 	0.000 	0.000 	0.000 	0.000 	0.000 	0.000 	0.000 	0.000 	0.000 	0.000 	0.000 	0.000 	0.000 	0.000 	0.000 	0.000 	0.000 	0.000 
A,GEP,RA410,KTOE,SK	0.000 	0.000 	0.000 	0.000 	0.000 	0.000 	0.000 	0.000 	0.000 	0.000 	0.000 	0.000 	0.000 	0.000 	0.000 	0.000 	0.000 	0.000 	0.000 	0.000 	0.000 	0.000 	0.000 	0.000 	0.000 	0.000 	0.000 	0.000 	0.000 	0.000 
A,GEP,RA420,KTOE,AT	0.089 	0.105 	0.162 	0.172 	0.199 	0.278 	0.459 	0.776 	1.263 	1.585 	1.807 	1.925 	2.084 	2.590 	4.206 	7.637 	14.967 	29.018 	53.824 	67.519 	80.576 	94.240 	109.112 	125.119 	146.354 	175.661 	239.261 	326.028 	592.308 	700.195 
A,GEP,RA420,KTOE,BE	0.000 	0.000 	0.000 	0.000 	0.000 	0.000 	0.000 	0.000 	0.000 	0.057 	0.115 	0.140 	0.521 	3.559 	14.274 	50.206 	104.239 	185.185 	226.999 	248.186 	262.812 	266.156 	284.437 	335.644 	365.640 	439.612 	483.491 	591.625 	673.646 	736.208 
A,GEP,RA420,KTOE,BG	0.000 	0.000 	0.000 	0.000 	0.000 	0.000 	0.000 	0.000 	0.000 	0.000 	0.000 	0.000 	0.005 	0.014 	0.281 	1.278 	8.673 	66.956 	119.689 	108.053 	118.801 	119.346 	120.634 	115.459 	121.865 	126.287 	126.105 	180.038 	302.726 	471.982 
A,GEP,RA420,KTOE,CY	0.000 	0.000 	0.000 	0.000 	0.000 	0.000 	0.000 	0.000 	0.000 	0.039 	0.049 	0.086 	0.150 	0.220 	0.330 	0.550 	1.026 	1.853 	4.050 	7.187 	10.891 	12.548 	14.790 	17.153 	18.768 	25.418 	40.270 	51.751 	71.412 	0.000 
A,GEP,RA420,KTOE,CZ	0.000 	0.000 	0.000 	0.000 	0.000 	0.004 	0.007 	0.010 	0.016 	0.025 	0.036 	0.051 	0.183 	1.112 	7.636 	52.941 	187.620 	184.748 	174.777 	182.534 	194.656 	183.272 	189.103 	203.334 	199.153 	197.280 	193.453 	225.819 	248.675 	308.915 
A,GEP,RA420,KTOE,DE	0.602 	1.032 	1.548 	3.009 	2.580 	5.159 	9.974 	16.165 	26.913 	47.893 	110.232 	190.886 	264.402 	380.052 	566.036 	1008.512 	1685.211 	2268.272 	2666.380 	3100.258 	3329.837 	3275.838 	3387.876 	3736.801 	3816.251 	4255.890 	4339.811 	5246.948 	5528.719 	6481.427 
A,GEP,RA420,KTOE,DK	0.000 	0.000 	0.000 	0.000 	0.086 	0.086 	0.086 	0.086 	0.172 	0.172 	0.172 	0.172 	0.172 	0.258 	0.344 	0.518 	1.285 	8.930 	44.501 	51.205 	51.957 	63.954 	64.616 	81.941 	82.826 	101.507 	112.548 	205.067 	314.543 	324.695 
A,GEP,RA420,KTOE,EE	0.000 	0.000 	0.000 	0.000 	0.000 	0.000 	0.000 	0.000 	0.000 	0.000 	0.000 	0.000 	0.000 	0.000 	0.000 	0.000 	0.000 	0.000 	0.000 	0.000 	0.000 	0.832 	1.246 	2.648 	6.320 	21.078 	30.410 	51.247 	61.995 	73.537 
A,GEP,RA420,KTOE,EL	0.000 	0.000 	0.000 	0.000 	0.000 	0.000 	0.000 	0.000 	0.000 	0.067 	0.082 	0.119 	0.122 	0.450 	4.299 	13.564 	52.477 	145.657 	313.680 	326.043 	335.308 	337.895 	343.205 	325.937 	380.783 	382.361 	451.503 	613.905 	764.710 	968.049 
A,GEP,RA420,KTOE,ES	1.720 	1.548 	1.634 	1.908 	2.150 	1.204 	1.462 	1.548 	1.720 	2.042 	4.125 	10.745 	43.611 	220.292 	512.554 	552.451 	639.725 	704.435 	715.915 	706.590 	710.767 	693.339 	732.072 	677.300 	809.974 	1347.807 	1884.953 	2681.599 	3733.534 	4621.878 
A,GEP,RA420,KTOE,EU27_2020	3.953 	4.409 	5.283 	7.267 	7.479 	9.736 	15.521 	22.892 	35.713 	59.409 	125.425 	214.056 	323.862 	638.131 	1203.869 	1933.511 	3901.364 	5706.969 	6823.899 	7628.309 	8191.059 	8207.747 	8712.750 	9322.185 	10135.028 	12012.500 	13672.279 	17707.929 	21435.456 	26007.449 
A,GEP,RA420,KTOE,FI	0.072 	0.084 	0.104 	0.111 	0.122 	0.136 	0.147 	0.160 	0.180 	0.203 	0.226 	0.291 	0.328 	0.339 	0.371 	0.407 	0.456 	0.494 	0.555 	0.667 	0.973 	1.897 	4.171 	7.758 	12.655 	18.785 	25.582 	33.735 	61.603 	80.820 
A,GEP,RA420,KTOE,FR	0.065 	0.102 	0.148 	0.184 	0.209 	0.449 	0.530 	0.611 	0.668 	0.726 	0.903 	1.041 	1.511 	3.585 	14.959 	53.310 	200.671 	380.734 	446.569 	549.580 	666.709 	744.622 	762.311 	958.385 	1033.958 	1125.544 	1314.022 	1663.028 	1942.246 	2138.551 
A,GEP,RA420,KTOE,HR	0.000 	0.000 	0.000 	0.000 	0.000 	0.000 	0.000 	0.000 	0.000 	0.000 	0.000 	0.000 	0.000 	0.000 	0.008 	0.010 	0.012 	0.207 	0.970 	3.024 	4.924 	5.636 	6.767 	6.440 	7.145 	8.212 	12.803 	13.061 	35.520 	70.507 
A,GEP,RA420,KTOE,HU	0.000 	0.000 	0.000 	0.000 	0.000 	0.000 	0.000 	0.000 	0.000 	0.000 	0.000 	0.000 	0.026 	0.047 	0.056 	0.073 	0.124 	0.680 	2.117 	5.761 	12.124 	20.980 	30.009 	54.084 	128.719 	211.436 	326.397 	406.879 	595.443 	791.058 
A,GEP,RA420,KTOE,IE	0.000 	0.000 	0.000 	0.000 	0.000 	0.000 	0.000 	0.000 	0.000 	0.000 	0.000 	0.000 	0.000 	0.000 	0.036 	0.041 	0.047 	0.055 	0.071 	0.097 	0.176 	0.407 	0.856 	1.561 	2.907 	4.739 	7.278 	12.783 	55.587 	93.989 
A,GEP,RA420,KTOE,IT	1.118 	1.204 	1.290 	1.376 	1.462 	1.548 	1.634 	1.806 	2.064 	2.494 	2.666 	3.009 	3.349 	16.592 	58.167 	163.857 	928.265 	1621.817 	1856.287 	1918.002 	1972.673 	1900.624 	2096.106 	1947.879 	2036.879 	2144.583 	2152.966 	2418.010 	2640.678 	3094.850 
A,GEP,RA420,KTOE,LT	0.000 	0.000 	0.000 	0.000 	0.000 	0.000 	0.000 	0.000 	0.000 	0.000 	0.000 	0.000 	0.000 	0.000 	0.000 	0.000 	0.000 	0.172 	3.869 	6.277 	6.277 	5.675 	5.847 	7.446 	7.833 	11.075 	16.406 	29.407 	59.192 	120.138 
A,GEP,RA420,KTOE,LU	0.000 	0.000 	0.000 	0.000 	0.000 	0.003 	0.004 	0.005 	0.120 	0.791 	1.522 	1.815 	1.797 	1.722 	1.747 	1.818 	2.214 	3.291 	6.340 	8.146 	8.918 	8.623 	9.326 	10.209 	11.211 	13.866 	15.493 	23.755 	25.272 	30.920 
A,GEP,RA420,KTOE,LV	0.000 	0.000 	0.000 	0.000 	0.000 	0.000 	0.000 	0.000 	0.000 	0.000 	0.000 	0.000 	0.000 	0.000 	0.000 	0.000 	0.000 	0.001 	0.006 	0.009 	0.020 	0.033 	0.038 	0.109 	0.270 	0.417 	0.584 	6.463 	20.556 	46.120 
A,GEP,RA420,KTOE,MT	0.000 	0.000 	0.000 	0.000 	0.000 	0.000 	0.000 	0.000 	0.000 	0.000 	0.000 	0.000 	0.000 	0.000 	0.000 	0.058 	0.429 	1.435 	2.534 	5.880 	8.168 	10.996 	13.952 	16.335 	16.800 	20.367 	21.991 	24.847 	26.537 	28.089 
A,GEP,RA420,KTOE,NL	0.131 	0.170 	0.220 	0.317 	0.472 	0.661 	1.001 	1.409 	2.182 	2.887 	3.046 	3.142 	3.230 	3.406 	3.861 	4.804 	8.983 	16.392 	35.253 	62.353 	95.316 	137.731 	189.540 	318.813 	464.265 	736.631 	971.958 	1432.227 	1685.915 	1876.372 
A,GEP,RA420,KTOE,NO	0.000 	0.000 	0.000 	0.000 	0.000 	0.000 	0.000 	0.000 	0.000 	0.000 	0.000 	0.000 	0.000 	0.000 	0.000 	0.000 	0.000 	0.000 	0.000 	0.000 	0.000 	0.000 	0.000 	0.199 	1.104 	7.078 	9.367 	14.864 	30.750 	: 
A,GEP,RA420,KTOE,PL	0.000 	0.000 	0.000 	0.000 	0.000 	0.000 	0.000 	0.000 	0.000 	0.000 	0.000 	0.000 	0.000 	0.000 	0.000 	0.000 	0.015 	0.098 	0.127 	0.593 	4.870 	10.651 	14.227 	25.837 	61.107 	168.350 	338.302 	714.503 	955.038 	1518.724 
A,GEP,RA420,KTOE,PT	0.086 	0.086 	0.086 	0.086 	0.086 	0.086 	0.086 	0.172 	0.258 	0.258 	0.258 	0.413 	2.064 	3.485 	13.758 	18.171 	24.070 	33.761 	41.199 	53.939 	68.457 	74.858 	85.258 	86.492 	115.413 	147.514 	192.361 	302.582 	443.692 	609.459 
A,GEP,RA420,KTOE,RO	0.000 	0.000 	0.000 	0.000 	0.000 	0.000 	0.000 	0.000 	0.000 	0.000 	0.000 	0.000 	0.000 	0.001 	0.002 	0.003 	0.123 	0.688 	36.127 	138.950 	170.421 	156.470 	159.559 	152.281 	152.847 	149.043 	146.462 	170.973 	191.492 	294.298 
A,GEP,RA420,KTOE,SE	0.070 	0.078 	0.091 	0.104 	0.113 	0.122 	0.131 	0.144 	0.157 	0.170 	0.183 	0.209 	0.270 	0.344 	0.602 	0.739 	0.946 	1.634 	3.009 	4.041 	8.340 	12.296 	19.776 	34.996 	58.383 	90.370 	131.212 	170.249 	267.756 	357.954 
A,GEP,RA420,KTOE,SI	0.000 	0.000 	0.000 	0.000 	0.000 	0.000 	0.000 	0.000 	0.000 	0.000 	0.003 	0.012 	0.037 	0.063 	0.342 	1.106 	5.650 	13.999 	18.492 	22.082 	23.580 	22.998 	24.408 	21.923 	26.057 	31.659 	38.961 	55.510 	84.640 	109.041 
A,GEP,RA420,KTOE,SK	0.000 	0.000 	0.000 	0.000 	0.000 	0.000 	0.000 	0.000 	0.000 	0.000 	0.000 	0.000 	0.000 	0.000 	0.000 	1.457 	34.136 	36.457 	50.559 	51.333 	43.508 	45.830 	43.508 	50.301 	50.645 	57.008 	57.696 	55.890 	52.021 	59.673 
A,GEP,RA500,KTOE,AT	0.000 	0.000 	0.000 	0.000 	0.000 	0.000 	0.000 	0.000 	0.000 	0.000 	0.000 	0.000 	0.000 	0.000 	0.000 	0.000 	0.000 	0.000 	0.000 	0.000 	0.000 	0.000 	0.000 	0.000 	0.000 	0.000 	0.000 	0.000 	0.000 	0.000 
A,GEP,RA500,KTOE,BE	0.000 	0.000 	0.000 	0.000 	0.000 	0.000 	0.000 	0.000 	0.000 	0.000 	0.000 	0.000 	0.000 	0.000 	0.000 	0.000 	0.000 	0.000 	0.000 	0.000 	0.000 	0.000 	0.000 	0.000 	0.000 	0.000 	0.000 	0.000 	0.000 	0.000 
A,GEP,RA500,KTOE,BG	0.000 	0.000 	0.000 	0.000 	0.000 	0.000 	0.000 	0.000 	0.000 	0.000 	0.000 	0.000 	0.000 	0.000 	0.000 	0.000 	0.000 	0.000 	0.000 	0.000 	0.000 	0.000 	0.000 	0.000 	0.000 	0.000 	0.000 	0.000 	0.000 	0.000 
A,GEP,RA500,KTOE,CY	0.000 	0.000 	0.000 	0.000 	0.000 	0.000 	0.000 	0.000 	0.000 	0.000 	0.000 	0.000 	0.000 	0.000 	0.000 	0.000 	0.000 	0.000 	0.000 	0.000 	0.000 	0.000 	0.000 	0.000 	0.000 	0.000 	0.000 	0.000 	0.000 	0.000 
A,GEP,RA500,KTOE,CZ	0.000 	0.000 	0.000 	0.000 	0.000 	0.000 	0.000 	0.000 	0.000 	0.000 	0.000 	0.000 	0.000 	0.000 	0.000 	0.000 	0.000 	0.000 	0.000 	0.000 	0.000 	0.000 	0.000 	0.000 	0.000 	0.000 	0.000 	0.000 	0.000 	0.000 
A,GEP,RA500,KTOE,DE	0.000 	0.000 	0.000 	0.000 	0.000 	0.000 	0.000 	0.000 	0.000 	0.000 	0.000 	0.000 	0.000 	0.000 	0.000 	0.000 	0.000 	0.000 	0.000 	0.000 	0.000 	0.000 	0.000 	0.000 	0.000 	0.000 	0.000 	0.000 	0.000 	0.000 
A,GEP,RA500,KTOE,DK	0.000 	0.000 	0.000 	0.000 	0.000 	0.000 	0.000 	0.000 	0.000 	0.000 	0.000 	0.000 	0.000 	0.000 	0.000 	0.000 	0.000 	0.000 	0.000 	0.000 	0.000 	0.000 	0.000 	0.000 	0.000 	0.000 	0.000 	0.000 	0.000 	0.000 
A,GEP,RA500,KTOE,EE	0.000 	0.000 	0.000 	0.000 	0.000 	0.000 	0.000 	0.000 	0.000 	0.000 	0.000 	0.000 	0.000 	0.000 	0.000 	0.000 	0.000 	0.000 	0.000 	0.000 	0.000 	0.000 	0.000 	0.000 	0.000 	0.000 	0.000 	0.000 	0.000 	0.000 
A,GEP,RA500,KTOE,EL	0.000 	0.000 	0.000 	0.000 	0.000 	0.000 	0.000 	0.000 	0.000 	0.000 	0.000 	0.000 	0.000 	0.000 	0.000 	0.000 	0.000 	0.000 	0.000 	0.000 	0.000 	0.000 	0.000 	0.000 	0.000 	0.000 	0.000 	0.000 	0.000 	0.000 
A,GEP,RA500,KTOE,ES	0.000 	0.000 	0.000 	0.000 	0.000 	0.000 	0.000 	0.000 	0.000 	0.000 	0.000 	0.000 	0.000 	0.000 	0.000 	0.000 	0.000 	0.000 	0.000 	0.000 	0.000 	0.000 	0.000 	0.000 	1.720 	2.322 	1.634 	1.978 	1.032 	0.771 
A,GEP,RA500,KTOE,EU27_2020	43.630 	42.188 	43.810 	44.858 	44.281 	43.621 	41.697 	42.514 	42.164 	40.428 	41.350 	39.920 	40.008 	39.993 	38.538 	40.963 	41.039 	39.380 	35.561 	41.318 	41.912 	43.041 	44.860 	41.267 	42.903 	43.746 	43.233 	44.152 	39.663 	40.224 
A,GEP,RA500,KTOE,FI	0.000 	0.000 	0.000 	0.000 	0.000 	0.000 	0.000 	0.000 	0.000 	0.000 	0.000 	0.000 	0.000 	0.000 	0.000 	0.000 	0.000 	0.000 	0.000 	0.000 	0.000 	0.000 	0.000 	0.000 	0.000 	0.000 	0.000 	0.000 	0.000 	0.000 
A,GEP,RA500,KTOE,FR	43.630 	42.188 	43.810 	44.858 	44.281 	43.621 	41.697 	42.514 	42.164 	40.428 	41.350 	39.920 	40.008 	39.993 	38.538 	40.963 	41.039 	39.380 	35.561 	41.316 	41.910 	43.037 	44.859 	41.267 	41.183 	41.424 	41.599 	42.174 	38.631 	39.453 
A,GEP,RA500,KTOE,HR	0.000 	0.000 	0.000 	0.000 	0.000 	0.000 	0.000 	0.000 	0.000 	0.000 	0.000 	0.000 	0.000 	0.000 	0.000 	0.000 	0.000 	0.000 	0.000 	0.000 	0.000 	0.000 	0.000 	0.000 	0.000 	0.000 	0.000 	0.000 	0.000 	0.000 
A,GEP,RA500,KTOE,HU	0.000 	0.000 	0.000 	0.000 	0.000 	0.000 	0.000 	0.000 	0.000 	0.000 	0.000 	0.000 	0.000 	0.000 	0.000 	0.000 	0.000 	0.000 	0.000 	0.000 	0.000 	0.000 	0.000 	0.000 	0.000 	0.000 	0.000 	0.000 	0.000 	0.000 
A,GEP,RA500,KTOE,IE	0.000 	0.000 	0.000 	0.000 	0.000 	0.000 	0.000 	0.000 	0.000 	0.000 	0.000 	0.000 	0.000 	0.000 	0.000 	0.000 	0.000 	0.000 	0.000 	0.000 	0.000 	0.000 	0.000 	0.000 	0.000 	0.000 	0.000 	0.000 	0.000 	0.000 
A,GEP,RA500,KTOE,IT	0.000 	0.000 	0.000 	0.000 	0.000 	0.000 	0.000 	0.000 	0.000 	0.000 	0.000 	0.000 	0.000 	0.000 	0.000 	0.000 	0.000 	0.000 	0.000 	0.000 	0.000 	0.000 	0.000 	0.000 	0.000 	0.000 	0.000 	0.000 	0.000 	0.000 
A,GEP,RA500,KTOE,LT	0.000 	0.000 	0.000 	0.000 	0.000 	0.000 	0.000 	0.000 	0.000 	0.000 	0.000 	0.000 	0.000 	0.000 	0.000 	0.000 	0.000 	0.000 	0.000 	0.000 	0.000 	0.000 	0.000 	0.000 	0.000 	0.000 	0.000 	0.000 	0.000 	0.000 
A,GEP,RA500,KTOE,LU	0.000 	0.000 	0.000 	0.000 	0.000 	0.000 	0.000 	0.000 	0.000 	0.000 	0.000 	0.000 	0.000 	0.000 	0.000 	0.000 	0.000 	0.000 	0.000 	0.000 	0.000 	0.000 	0.000 	0.000 	0.000 	0.000 	0.000 	0.000 	0.000 	0.000 
A,GEP,RA500,KTOE,LV	0.000 	0.000 	0.000 	0.000 	0.000 	0.000 	0.000 	0.000 	0.000 	0.000 	0.000 	0.000 	0.000 	0.000 	0.000 	0.000 	0.000 	0.000 	0.000 	0.000 	0.000 	0.000 	0.000 	0.000 	0.000 	0.000 	0.000 	0.000 	0.000 	0.000 
A,GEP,RA500,KTOE,MT	0.000 	0.000 	0.000 	0.000 	0.000 	0.000 	0.000 	0.000 	0.000 	0.000 	0.000 	0.000 	0.000 	0.000 	0.000 	0.000 	0.000 	0.000 	0.000 	0.000 	0.000 	0.000 	0.000 	0.000 	0.000 	0.000 	0.000 	0.000 	0.000 	0.000 
A,GEP,RA500,KTOE,NL	0.000 	0.000 	0.000 	0.000 	0.000 	0.000 	0.000 	0.000 	0.000 	0.000 	0.000 	0.000 	0.000 	0.000 	0.000 	0.000 	0.000 	0.000 	0.000 	0.000 	0.000 	0.000 	0.000 	0.000 	0.000 	0.000 	0.000 	0.000 	0.000 	0.000 
A,GEP,RA500,KTOE,NO	0.000 	0.000 	0.000 	0.000 	0.000 	0.000 	0.000 	0.000 	0.000 	0.000 	0.000 	0.000 	0.000 	0.000 	0.000 	0.000 	0.000 	0.000 	0.000 	0.000 	0.000 	0.000 	0.000 	0.000 	0.000 	0.000 	0.000 	0.000 	0.000 	: 
A,GEP,RA500,KTOE,PL	0.000 	0.000 	0.000 	0.000 	0.000 	0.000 	0.000 	0.000 	0.000 	0.000 	0.000 	0.000 	0.000 	0.000 	0.000 	0.000 	0.000 	0.000 	0.000 	0.000 	0.000 	0.000 	0.000 	0.000 	0.000 	0.000 	0.000 	0.000 	0.000 	0.000 
A,GEP,RA500,KTOE,PT	0.000 	0.000 	0.000 	0.000 	0.000 	0.000 	0.000 	0.000 	0.000 	0.000 	0.000 	0.000 	0.000 	0.000 	0.000 	0.000 	0.000 	0.000 	0.000 	0.002 	0.002 	0.004 	0.001 	0.000 	0.000 	0.000 	0.000 	0.000 	0.000 	0.000 
A,GEP,RA500,KTOE,RO	0.000 	0.000 	0.000 	0.000 	0.000 	0.000 	0.000 	0.000 	0.000 	0.000 	0.000 	0.000 	0.000 	0.000 	0.000 	0.000 	0.000 	0.000 	0.000 	0.000 	0.000 	0.000 	0.000 	0.000 	0.000 	0.000 	0.000 	0.000 	0.000 	0.000 
A,GEP,RA500,KTOE,SE	0.000 	0.000 	0.000 	0.000 	0.000 	0.000 	0.000 	0.000 	0.000 	0.000 	0.000 	0.000 	0.000 	0.000 	0.000 	0.000 	0.000 	0.000 	0.000 	0.000 	0.000 	0.000 	0.000 	0.000 	0.000 	0.000 	0.000 	0.000 	0.000 	0.000 
A,GEP,RA500,KTOE,SI	0.000 	0.000 	0.000 	0.000 	0.000 	0.000 	0.000 	0.000 	0.000 	0.000 	0.000 	0.000 	0.000 	0.000 	0.000 	0.000 	0.000 	0.000 	0.000 	0.000 	0.000 	0.000 	0.000 	0.000 	0.000 	0.000 	0.000 	0.000 	0.000 	0.000 
A,GEP,RA500,KTOE,SK	0.000 	0.000 	0.000 	0.000 	0.000 	0.000 	0.000 	0.000 	0.000 	0.000 	0.000 	0.000 	0.000 	0.000 	0.000 	0.000 	0.000 	0.000 	0.000 	0.000 	0.000 	0.000 	0.000 	0.000 	0.000 	0.000 	0.000 	0.000 	0.000 	0.000 
A,GEP,TOTAL,KTOE,AT	4834.516 	4718.803 	4875.747 	4901.285 	5240.242 	5266.937 	5369.837 	5373.994 	5174.164 	5516.255 	5746.581 	5563.409 	5596.274 	5748.234 	5940.457 	6115.910 	5658.907 	6242.774 	5877.613 	5626.730 	5614.740 	5873.447 	6132.796 	5900.076 	6383.001 	6238.878 	6083.995 	5947.897 	6444.810 	7085.704 
A,GEP,TOTAL,KTOE,BE	6397.936 	6543.336 	6778.418 	7152.451 	7266.896 	7223.732 	6863.371 	7056.664 	7276.870 	7240.767 	7366.944 	7273.189 	7575.471 	7256.885 	7840.440 	8134.936 	7793.439 	7141.023 	7179.166 	6237.799 	5993.551 	7360.791 	7447.893 	6452.273 	8051.960 	7691.624 	8639.880 	8250.241 	7193.723 	6634.291 
A,GEP,TOTAL,KTOE,BG	3593.207 	3672.915 	3680.396 	3586.500 	3288.736 	3518.831 	3780.567 	3669.733 	3662.941 	3578.746 	3814.659 	3941.790 	3722.860 	3872.418 	3694.187 	4011.398 	4367.722 	4066.477 	3767.493 	4083.375 	4232.493 	3893.329 	3921.994 	4027.316 	3807.102 	3504.251 	4090.120 	4342.159 	3461.351 	3313.429 
A,GEP,TOTAL,KTOE,CY	214.703 	224.334 	234.566 	257.180 	269.905 	289.768 	305.331 	325.451 	348.409 	361.290 	376.347 	400.044 	418.877 	436.668 	448.384 	457.630 	423.836 	405.575 	368.874 	374.026 	389.918 	420.263 	430.298 	435.130 	442.089 	416.956 	440.191 	452.961 	458.219 	374.129 
A,GEP,TOTAL,KTOE,CZ	5231.900 	5525.107 	5554.428 	5598.663 	5562.703 	6316.846 	6418.521 	6564.701 	7156.160 	7251.496 	7100.565 	7253.656 	7583.843 	7192.304 	7066.699 	7386.445 	7521.411 	7516.608 	7473.195 	7407.378 	7213.229 	7163.377 	7485.482 	7569.898 	7483.679 	7009.848 	7310.033 	7295.846 	6621.174 	6354.290 
A,GEP,TOTAL,KTOE,DE	46198.108 	47753.396 	47425.107 	47841.187 	47833.190 	49573.775 	50421.840 	50446.604 	52386.586 	53144.368 	53578.160 	55039.897 	55146.346 	55135.082 	51287.188 	54438.521 	52719.089 	54025.193 	54918.401 	53981.599 	55744.454 	55928.547 	56210.060 	55070.335 	52185.469 	49480.825 	50971.556 	49780.569 	44958.813 	44196.819 
A,GEP,TOTAL,KTOE,DK	3160.743 	4607.218 	3810.370 	3535.082 	3346.518 	3100.000 	3244.110 	3378.074 	3971.281 	3476.354 	3116.595 	3921.840 	3380.567 	3148.409 	3128.375 	3341.539 	3029.159 	2639.821 	2987.341 	2767.293 	2488.446 	2625.830 	2667.460 	2611.365 	2538.001 	2470.220 	2841.841 	3038.030 	2929.406 	3036.765 
A,GEP,TOTAL,KTOE,EE	747.463 	782.717 	792.605 	735.770 	711.780 	732.008 	729.407 	733.190 	873.517 	885.985 	877.501 	836.784 	1048.199 	909.888 	754.800 	1114.693 	1108.660 	1028.932 	1141.408 	1070.139 	872.608 	1046.425 	1131.596 	1063.127 	654.795 	522.653 	619.472 	768.431 	493.985 	532.450 
A,GEP,TOTAL,KTOE,EL	3572.829 	3660.103 	3740.843 	3983.577 	4267.584 	4629.665 	4617.713 	4695.443 	5027.601 	5102.819 	5160.803 	5226.974 	5459.746 	5481.503 	5274.321 	4935.934 	5110.625 	5241.538 	4914.233 	4339.922 	4460.396 	4680.820 	4752.028 	4579.775 	4181.083 	4148.915 	4704.654 	4528.810 	4292.058 	4980.602 
A,GEP,TOTAL,KTOE,ES	14367.154 	15000.774 	16371.625 	16785.571 	17906.019 	19300.774 	20295.443 	21061.995 	22416.681 	24073.463 	25286.656 	25748.922 	26230.370 	26978.345 	25332.760 	25926.672 	25266.294 	25585.436 	24559.856 	23968.124 	24154.037 	23626.119 	23708.169 	23598.624 	23495.873 	22646.002 	23586.586 	25146.518 	24581.320 	24754.300 
A,GEP,TOTAL,KTOE,EU27_2020	207167.726 	214509.425 	215478.409 	220083.166 	222383.672 	228572.927 	235085.792 	237034.764 	243940.924 	250046.015 	251647.733 	255700.632 	256905.720 	257846.499 	244754.514 	256587.158 	253019.670 	252750.846 	251195.230 	246070.381 	249967.810 	251822.803 	254584.366 	253143.944 	250024.194 	239913.607 	250767.032 	242786.623 	237398.524 	243076.406 
A,GEP,TOTAL,KTOE,FI	5506.005 	5965.003 	5948.083 	6033.301 	5972.263 	6016.759 	6404.762 	6445.157 	7250.847 	7381.373 	6069.095 	7077.587 	6985.928 	6658.069 	6196.990 	6936.609 	6320.068 	6054.150 	6127.123 	5854.989 	5898.374 	5912.053 	5806.076 	6041.542 	5902.911 	5955.896 	6201.224 	6206.950 	7011.245 	7149.870 
A,GEP,TOTAL,KTOE,FR	42499.910 	44144.266 	43402.370 	43961.880 	45211.198 	46427.768 	47251.140 	48070.915 	48739.340 	49359.794 	49532.403 	49429.978 	48991.263 	49338.503 	46081.267 	48949.967 	49321.629 	49277.503 	50098.651 	49267.461 	49863.528 	48541.106 	48303.572 	50092.594 	49124.362 	45810.198 	47769.161 	40858.890 	45133.356 	49072.461 
A,GEP,TOTAL,KTOE,HR	797.575 	960.679 	881.204 	985.512 	1116.028 	970.009 	1101.333 	1098.229 	1139.475 	1202.898 	1131.685 	1121.840 	1092.666 	1108.409 	1156.841 	1281.381 	977.831 	924.777 	1208.346 	1165.335 	980.454 	1102.314 	1030.396 	1172.115 	1097.188 	1150.929 	1307.859 	1222.743 	1508.280 	1323.500 
A,GEP,TOTAL,KTOE,HU	2925.055 	3017.192 	3043.589 	3197.778 	3252.934 	3025.862 	3131.146 	3108.940 	2935.914 	2898.313 	3074.400 	3083.323 	3435.905 	3441.582 	3087.534 	3213.254 	3097.092 	2977.998 	2604.667 	2528.198 	2610.560 	2743.037 	2830.181 	2757.266 	2948.495 	3003.439 	3105.787 	3078.397 	3056.391 	3266.325 
A,GEP,TOTAL,KTOE,IE	1535.620 	1649.203 	1715.721 	1818.900 	1892.786 	2062.085 	2146.306 	2166.934 	2169.092 	2199.473 	2234.635 	2365.133 	2471.143 	2604.214 	2439.491 	2441.959 	2341.938 	2357.818 	2235.231 	2250.272 	2450.368 	2632.248 	2665.283 	2689.427 	2675.972 	2791.040 	2753.923 	2927.362 	2738.863 	2715.447 
A,GEP,TOTAL,KTOE,IT	20764.316 	21017.455 	21622.786 	22338.779 	22843.250 	23786.865 	23990.458 	24529.284 	25269.474 	26083.185 	26113.637 	27009.601 	26989.543 	27440.395 	25162.595 	25972.648 	26017.226 	25733.142 	24918.513 	24060.748 	24332.852 	24915.594 	25436.802 	24910.441 	25266.809 	24121.326 	24855.506 	24416.279 	22761.513 	23302.400 
A,GEP,TOTAL,KTOE,LT	1195.099 	1443.594 	1277.902 	1515.993 	1163.887 	982.373 	1267.154 	1523.732 	1675.666 	1657.266 	1271.195 	1073.259 	1204.385 	1196.303 	1320.550 	494.325 	414.617 	433.620 	409.458 	378.074 	424.162 	366.810 	360.034 	301.900 	341.496 	474.420 	436.681 	411.247 	514.067 	695.778 
A,GEP,TOTAL,KTOE,LU	105.761 	107.997 	108.340 	111.394 	87.877 	100.283 	139.391 	318.035 	311.386 	355.301 	355.041 	372.615 	344.055 	305.855 	333.481 	394.779 	319.544 	328.201 	248.420 	254.942 	237.840 	188.958 	192.188 	189.139 	164.095 	192.112 	190.111 	195.086 	218.867 	235.799 
A,GEP,TOTAL,KTOE,LV	342.149 	268.856 	387.413 	498.447 	353.424 	355.681 	368.025 	341.747 	341.836 	403.202 	421.836 	420.646 	410.219 	453.561 	478.768 	569.814 	524.012 	530.333 	533.829 	441.910 	475.857 	552.501 	647.566 	578.235 	553.601 	492.248 	502.685 	432.586 	549.233 	543.561 
A,GEP,TOTAL,KTOE,MT	140.327 	142.562 	144.970 	147.979 	159.415 	164.832 	167.068 	176.440 	192.261 	190.542 	192.605 	194.411 	197.420 	198.796 	186.414 	181.744 	187.352 	197.219 	193.590 	193.026 	112.183 	73.696 	142.027 	168.743 	177.113 	184.271 	190.444 	197.156 	201.574 	187.952 
A,GEP,TOTAL,KTOE,NL	6978.180 	7345.095 	7439.530 	7834.437 	7456.615 	7706.795 	8053.603 	8252.968 	8324.817 	8702.810 	8591.792 	8498.033 	9042.502 	9247.805 	9775.537 	10255.313 	9798.898 	8876.613 	8738.627 	8887.134 	9476.649 	9901.841 	10074.612 	9834.885 	10439.209 	10600.011 	10504.768 	10453.383 	10459.215 	10648.663 
A,GEP,TOTAL,KTOE,NO	10593.207 	9026.999 	9600.774 	10060.877 	10551.763 	12294.239 	10480.653 	11238.607 	9223.818 	9511.350 	11866.638 	10454.170 	11796.389 	12221.324 	11330.439 	10630.353 	10966.380 	12696.733 	11528.117 	12207.223 	12428.719 	12815.305 	12852.966 	12648.081 	11599.881 	13344.425 	13578.778 	12616.590 	13318.579 	: 
A,GEP,TOTAL,KTOE,PL	11952.365 	12310.662 	12277.730 	12277.646 	12220.808 	12483.628 	12520.679 	12392.602 	13037.943 	13255.300 	13494.066 	13907.301 	13701.430 	13353.769 	13045.713 	13556.166 	14062.582 	13941.467 	14151.283 	13676.594 	14182.742 	14328.152 	14657.382 	14620.762 	14100.473 	13589.230 	15445.530 	15455.556 	14390.543 	14822.330 
A,GEP,TOTAL,KTOE,PT	2860.275 	2968.272 	2941.359 	3352.021 	3722.012 	3763.027 	3999.054 	3964.488 	4028.547 	3878.374 	4004.606 	4216.806 	4062.961 	3952.944 	4317.029 	4650.795 	4510.942 	4008.301 	4443.013 	4540.284 	4507.268 	5187.287 	5110.208 	5127.780 	4570.436 	4563.921 	4383.453 	4196.710 	4216.969 	4392.902 
A,GEP,TOTAL,KTOE,RO	5078.160 	5247.463 	4877.816 	4556.062 	4339.123 	4433.362 	4603.697 	4679.106 	4715.477 	4858.044 	5108.605 	5391.002 	5302.965 	5585.264 	4988.319 	5243.238 	5349.525 	5076.944 	5063.306 	5647.001 	5700.338 	5597.854 	5528.463 	5578.372 	5126.638 	4809.536 	5113.522 	4815.359 	4985.612 	4589.512 
A,GEP,TOTAL,KTOE,SE	12755.874 	12094.747 	12833.109 	13657.026 	13315.590 	12490.664 	13896.519 	12616.911 	11645.470 	13047.218 	13622.906 	12331.601 	12804.978 	12901.006 	11757.067 	12772.701 	12932.544 	14321.668 	13169.894 	13212.590 	13939.187 	13414.414 	14122.958 	14049.871 	14483.147 	14087.102 	14771.969 	14888.994 	14281.427 	14820.894 
A,GEP,TOTAL,KTOE,SI	1110.318 	1122.700 	1132.932 	1180.396 	1140.327 	1171.492 	1243.823 	1255.207 	1188.344 	1313.090 	1299.772 	1299.502 	1293.508 	1409.976 	1410.420 	1413.435 	1380.739 	1353.055 	1384.593 	1499.376 	1298.334 	1418.905 	1403.803 	1403.864 	1384.313 	1478.134 	1365.170 	1170.810 	1365.315 	1461.108 
A,GEP,TOTAL,KTOE,SK	2302.178 	2214.976 	2179.450 	2238.349 	2442.562 	2679.106 	2755.494 	2788.220 	2680.825 	2628.289 	2704.643 	2701.489 	2412.296 	2490.312 	2248.887 	2395.352 	2463.989 	2464.660 	2479.106 	2356.062 	2313.242 	2327.085 	2385.039 	2319.089 	2444.884 	2479.622 	2580.911 	2307.653 	2571.195 	2585.125 
